uf,sigla_uf,regiao,ibge,municipio
Rio Grande do Sul,RS,Sul,430003,Aceguá
Rio Grande do Sul,RS,Sul,430005,Água Santa
Rio Grande do Sul,RS,Sul,430010,Agudo
Rio Grande do Sul,RS,Sul,430020,Ajuricaba
Rio Grande do Sul,RS,Sul,430030,Alecrim
Rio Grande do Sul,RS,Sul,430040,Alegrete
Rio Grande do Sul,RS,Sul,430045,Alegria
Rio Grande do Sul,RS,Sul,430047,Almirante Tamandaré do Sul
Rio Grande do Sul,RS,Sul,430050,Alpestre
Rio Grande do Sul,RS,Sul,430055,Alto Alegre
Rio Grande do Sul,RS,Sul,430057,Alto Feliz
Rio Grande do Sul,RS,Sul,430060,Alvorada
Rio Grande do Sul,RS,Sul,430063,Amaral Ferrador
Rio Grande do Sul,RS,Sul,430064,Ametista do Sul
Rio Grande do Sul,RS,Sul,430066,André da Rocha
Rio Grande do Sul,RS,Sul,430070,Anta Gorda
Rio Grande do Sul,RS,Sul,430080,Antônio Prado
Rio Grande do Sul,RS,Sul,430085,Arambaré
Rio Grande do Sul,RS,Sul,430087,Araricá
Rio Grande do Sul,RS,Sul,430090,Aratiba
Rio Grande do Sul,RS,Sul,430100,Arroio do Meio
Rio Grande do Sul,RS,Sul,430107,Arroio do Padre
Rio Grande do Sul,RS,Sul,430105,Arroio do Sal
Rio Grande do Sul,RS,Sul,430120,Arroio do Tigre
Rio Grande do Sul,RS,Sul,430110,Arroio dos Ratos
Rio Grande do Sul,RS,Sul,430130,Arroio Grande
Rio Grande do Sul,RS,Sul,430140,Arvorezinha
Rio Grande do Sul,RS,Sul,430150,Augusto Pestana
Rio Grande do Sul,RS,Sul,430155,Áurea
Rio Grande do Sul,RS,Sul,430160,Bagé
Rio Grande do Sul,RS,Sul,430163,Balneário Pinhal
Rio Grande do Sul,RS,Sul,430165,Barão
Rio Grande do Sul,RS,Sul,430170,Barão de Cotegipe
Rio Grande do Sul,RS,Sul,430175,Barão do Triunfo
Rio Grande do Sul,RS,Sul,430185,Barra do Guarita
Rio Grande do Sul,RS,Sul,430187,Barra do Quaraí
Rio Grande do Sul,RS,Sul,430190,Barra do Ribeiro
Rio Grande do Sul,RS,Sul,430192,Barra do Rio Azul
Rio Grande do Sul,RS,Sul,430195,Barra Funda
Rio Grande do Sul,RS,Sul,430180,Barracão
Rio Grande do Sul,RS,Sul,430200,Barros Cassal
Rio Grande do Sul,RS,Sul,430205,Benjamin Constant do Sul
Rio Grande do Sul,RS,Sul,430210,Bento Gonçalves
Rio Grande do Sul,RS,Sul,430215,Boa Vista das Missões
Rio Grande do Sul,RS,Sul,430220,Boa Vista do Buricá
Rio Grande do Sul,RS,Sul,430222,Boa Vista do Cadeado
Rio Grande do Sul,RS,Sul,430223,Boa Vista do Incra
Rio Grande do Sul,RS,Sul,430225,Boa Vista do Sul
Rio Grande do Sul,RS,Sul,430230,Bom Jesus
Rio Grande do Sul,RS,Sul,430235,Bom Princípio
Rio Grande do Sul,RS,Sul,430237,Bom Progresso
Rio Grande do Sul,RS,Sul,430240,Bom Retiro do Sul
Rio Grande do Sul,RS,Sul,430245,Boqueirão do Leão
Rio Grande do Sul,RS,Sul,430250,Bossoroca
Rio Grande do Sul,RS,Sul,430258,Bozano
Rio Grande do Sul,RS,Sul,430260,Braga
Rio Grande do Sul,RS,Sul,430265,Brochier
Rio Grande do Sul,RS,Sul,430270,Butiá
Rio Grande do Sul,RS,Sul,430280,Caçapava do Sul
Rio Grande do Sul,RS,Sul,430290,Cacequi
Rio Grande do Sul,RS,Sul,430300,Cachoeira do Sul
Rio Grande do Sul,RS,Sul,430310,Cachoeirinha
Rio Grande do Sul,RS,Sul,430320,Cacique Doble
Rio Grande do Sul,RS,Sul,430330,Caibaté
Rio Grande do Sul,RS,Sul,430340,Caiçara
Rio Grande do Sul,RS,Sul,430350,Camaquã
Rio Grande do Sul,RS,Sul,430355,Camargo
Rio Grande do Sul,RS,Sul,430360,Cambará do Sul
Rio Grande do Sul,RS,Sul,430367,Campestre da Serra
Rio Grande do Sul,RS,Sul,430370,Campina das Missões
Rio Grande do Sul,RS,Sul,430380,Campinas do Sul
Rio Grande do Sul,RS,Sul,430390,Campo Bom
Rio Grande do Sul,RS,Sul,430400,Campo Novo
Rio Grande do Sul,RS,Sul,430410,Campos Borges
Rio Grande do Sul,RS,Sul,430420,Candelária
Rio Grande do Sul,RS,Sul,430430,Cândido Godói
Rio Grande do Sul,RS,Sul,430435,Candiota
Rio Grande do Sul,RS,Sul,430440,Canela
Rio Grande do Sul,RS,Sul,430450,Canguçu
Rio Grande do Sul,RS,Sul,430460,Canoas
Rio Grande do Sul,RS,Sul,430461,Canudos do Vale
Rio Grande do Sul,RS,Sul,430462,Capão Bonito do Sul
Rio Grande do Sul,RS,Sul,430463,Capão da Canoa
Rio Grande do Sul,RS,Sul,430465,Capão do Cipó
Rio Grande do Sul,RS,Sul,430466,Capão do Leão
Rio Grande do Sul,RS,Sul,430468,Capela de Santana
Rio Grande do Sul,RS,Sul,430469,Capitão
Rio Grande do Sul,RS,Sul,430467,Capivari do Sul
Rio Grande do Sul,RS,Sul,430471,Caraá
Rio Grande do Sul,RS,Sul,430470,Carazinho
Rio Grande do Sul,RS,Sul,430480,Carlos Barbosa
Rio Grande do Sul,RS,Sul,430485,Carlos Gomes
Rio Grande do Sul,RS,Sul,430490,Casca
Rio Grande do Sul,RS,Sul,430495,Caseiros
Rio Grande do Sul,RS,Sul,430500,Catuípe
Rio Grande do Sul,RS,Sul,430510,Caxias do Sul
Rio Grande do Sul,RS,Sul,430511,Centenário
Rio Grande do Sul,RS,Sul,430512,Cerrito
Rio Grande do Sul,RS,Sul,430513,Cerro Branco
Rio Grande do Sul,RS,Sul,430515,Cerro Grande
Rio Grande do Sul,RS,Sul,430517,Cerro Grande do Sul
Rio Grande do Sul,RS,Sul,430520,Cerro Largo
Rio Grande do Sul,RS,Sul,430530,Chapada
Rio Grande do Sul,RS,Sul,430535,Charqueadas
Rio Grande do Sul,RS,Sul,430537,Charrua
Rio Grande do Sul,RS,Sul,430540,Chiapetta
Rio Grande do Sul,RS,Sul,430543,Chuí
Rio Grande do Sul,RS,Sul,430544,Chuvisca
Rio Grande do Sul,RS,Sul,430545,Cidreira
Rio Grande do Sul,RS,Sul,430550,Ciríaco
Rio Grande do Sul,RS,Sul,430558,Colinas
Rio Grande do Sul,RS,Sul,430560,Colorado
Rio Grande do Sul,RS,Sul,430570,Condor
Rio Grande do Sul,RS,Sul,430580,Constantina
Rio Grande do Sul,RS,Sul,430583,Coqueiro Baixo
Rio Grande do Sul,RS,Sul,430585,Coqueiros do Sul
Rio Grande do Sul,RS,Sul,430587,Coronel Barros
Rio Grande do Sul,RS,Sul,430590,Coronel Bicaco
Rio Grande do Sul,RS,Sul,430593,Coronel Pilar
Rio Grande do Sul,RS,Sul,430595,Cotiporã
Rio Grande do Sul,RS,Sul,430597,Coxilha
Rio Grande do Sul,RS,Sul,430600,Crissiumal
Rio Grande do Sul,RS,Sul,430605,Cristal
Rio Grande do Sul,RS,Sul,430607,Cristal do Sul
Rio Grande do Sul,RS,Sul,430610,Cruz Alta
Rio Grande do Sul,RS,Sul,430613,Cruzaltense
Rio Grande do Sul,RS,Sul,430620,Cruzeiro do Sul
Rio Grande do Sul,RS,Sul,430630,David Canabarro
Rio Grande do Sul,RS,Sul,430632,Derrubadas
Rio Grande do Sul,RS,Sul,430635,Dezesseis de Novembro
Rio Grande do Sul,RS,Sul,430637,Dilermando de Aguiar
Rio Grande do Sul,RS,Sul,430640,Dois Irmãos
Rio Grande do Sul,RS,Sul,430642,Dois Irmãos das Missões
Rio Grande do Sul,RS,Sul,430645,Dois Lajeados
Rio Grande do Sul,RS,Sul,430650,Dom Feliciano
Rio Grande do Sul,RS,Sul,430660,Dom Pedrito
Rio Grande do Sul,RS,Sul,430655,Dom Pedro de Alcântara
Rio Grande do Sul,RS,Sul,430670,Dona Francisca
Rio Grande do Sul,RS,Sul,430673,Doutor Maurício Cardoso
Rio Grande do Sul,RS,Sul,430675,Doutor Ricardo
Rio Grande do Sul,RS,Sul,430676,Eldorado do Sul
Rio Grande do Sul,RS,Sul,430680,Encantado
Rio Grande do Sul,RS,Sul,430690,Encruzilhada do Sul
Rio Grande do Sul,RS,Sul,430692,Engenho Velho
Rio Grande do Sul,RS,Sul,430695,Entre Rios do Sul
Rio Grande do Sul,RS,Sul,430693,Entre-Ijuís
Rio Grande do Sul,RS,Sul,430697,Erebango
Rio Grande do Sul,RS,Sul,430700,Erechim
Rio Grande do Sul,RS,Sul,430705,Ernestina
Rio Grande do Sul,RS,Sul,430720,Erval Grande
Rio Grande do Sul,RS,Sul,430730,Erval Seco
Rio Grande do Sul,RS,Sul,430740,Esmeralda
Rio Grande do Sul,RS,Sul,430745,Esperança do Sul
Rio Grande do Sul,RS,Sul,430750,Espumoso
Rio Grande do Sul,RS,Sul,430755,Estação
Rio Grande do Sul,RS,Sul,430760,Estância Velha
Rio Grande do Sul,RS,Sul,430770,Esteio
Rio Grande do Sul,RS,Sul,430780,Estrela
Rio Grande do Sul,RS,Sul,430781,Estrela Velha
Rio Grande do Sul,RS,Sul,430783,Eugênio de Castro
Rio Grande do Sul,RS,Sul,430786,Fagundes Varela
Rio Grande do Sul,RS,Sul,430790,Farroupilha
Rio Grande do Sul,RS,Sul,430800,Faxinal do Soturno
Rio Grande do Sul,RS,Sul,430805,Faxinalzinho
Rio Grande do Sul,RS,Sul,430807,Fazenda Vilanova
Rio Grande do Sul,RS,Sul,430810,Feliz
Rio Grande do Sul,RS,Sul,430820,Flores da Cunha
Rio Grande do Sul,RS,Sul,430825,Floriano Peixoto
Rio Grande do Sul,RS,Sul,430830,Fontoura Xavier
Rio Grande do Sul,RS,Sul,430840,Formigueiro
Rio Grande do Sul,RS,Sul,430843,Forquetinha
Rio Grande do Sul,RS,Sul,430845,Fortaleza dos Valos
Rio Grande do Sul,RS,Sul,430850,Frederico Westphalen
Rio Grande do Sul,RS,Sul,430860,Garibaldi
Rio Grande do Sul,RS,Sul,430865,Garruchos
Rio Grande do Sul,RS,Sul,430870,Gaurama
Rio Grande do Sul,RS,Sul,430880,General Câmara
Rio Grande do Sul,RS,Sul,430885,Gentil
Rio Grande do Sul,RS,Sul,430890,Getúlio Vargas
Rio Grande do Sul,RS,Sul,430900,Giruá
Rio Grande do Sul,RS,Sul,430905,Glorinha
Rio Grande do Sul,RS,Sul,430910,Gramado
Rio Grande do Sul,RS,Sul,430912,Gramado dos Loureiros
Rio Grande do Sul,RS,Sul,430915,Gramado Xavier
Rio Grande do Sul,RS,Sul,430920,Gravataí
Rio Grande do Sul,RS,Sul,430925,Guabiju
Rio Grande do Sul,RS,Sul,430930,Guaíba
Rio Grande do Sul,RS,Sul,430940,Guaporé
Rio Grande do Sul,RS,Sul,430950,Guarani das Missões
Rio Grande do Sul,RS,Sul,430955,Harmonia
Rio Grande do Sul,RS,Sul,430710,Herval
Rio Grande do Sul,RS,Sul,430957,Herveiras
Rio Grande do Sul,RS,Sul,430960,Horizontina
Rio Grande do Sul,RS,Sul,430965,Hulha Negra
Rio Grande do Sul,RS,Sul,430970,Humaitá
Rio Grande do Sul,RS,Sul,430975,Ibarama
Rio Grande do Sul,RS,Sul,430980,Ibiaçá
Rio Grande do Sul,RS,Sul,430990,Ibiraiaras
Rio Grande do Sul,RS,Sul,430995,Ibirapuitã
Rio Grande do Sul,RS,Sul,431000,Ibirubá
Rio Grande do Sul,RS,Sul,431010,Igrejinha
Rio Grande do Sul,RS,Sul,431020,Ijuí
Rio Grande do Sul,RS,Sul,431030,Ilópolis
Rio Grande do Sul,RS,Sul,431033,Imbé
Rio Grande do Sul,RS,Sul,431036,Imigrante
Rio Grande do Sul,RS,Sul,431040,Independência
Rio Grande do Sul,RS,Sul,431041,Inhacorá
Rio Grande do Sul,RS,Sul,431043,Ipê
Rio Grande do Sul,RS,Sul,431046,Ipiranga do Sul
Rio Grande do Sul,RS,Sul,431050,Iraí
Rio Grande do Sul,RS,Sul,431053,Itaara
Rio Grande do Sul,RS,Sul,431055,Itacurubi
Rio Grande do Sul,RS,Sul,431057,Itapuca
Rio Grande do Sul,RS,Sul,431060,Itaqui
Rio Grande do Sul,RS,Sul,431065,Itati
Rio Grande do Sul,RS,Sul,431070,Itatiba do Sul
Rio Grande do Sul,RS,Sul,431075,Ivorá
Rio Grande do Sul,RS,Sul,431080,Ivoti
Rio Grande do Sul,RS,Sul,431085,Jaboticaba
Rio Grande do Sul,RS,Sul,431087,Jacuizinho
Rio Grande do Sul,RS,Sul,431090,Jacutinga
Rio Grande do Sul,RS,Sul,431100,Jaguarão
Rio Grande do Sul,RS,Sul,431110,Jaguari
Rio Grande do Sul,RS,Sul,431112,Jaquirana
Rio Grande do Sul,RS,Sul,431113,Jari
Rio Grande do Sul,RS,Sul,431115,Jóia
Rio Grande do Sul,RS,Sul,431120,Júlio de Castilhos
Rio Grande do Sul,RS,Sul,431123,Lagoa Bonita do Sul
Rio Grande do Sul,RS,Sul,431127,Lagoa dos Três Cantos
Rio Grande do Sul,RS,Sul,431130,Lagoa Vermelha
Rio Grande do Sul,RS,Sul,431125,Lagoão
Rio Grande do Sul,RS,Sul,431140,Lajeado
Rio Grande do Sul,RS,Sul,431142,Lajeado do Bugre
Rio Grande do Sul,RS,Sul,431150,Lavras do Sul
Rio Grande do Sul,RS,Sul,431160,Liberato Salzano
Rio Grande do Sul,RS,Sul,431162,Lindolfo Collor
Rio Grande do Sul,RS,Sul,431164,Linha Nova
Rio Grande do Sul,RS,Sul,431171,Maçambará
Rio Grande do Sul,RS,Sul,431170,Machadinho
Rio Grande do Sul,RS,Sul,431173,Mampituba
Rio Grande do Sul,RS,Sul,431175,Manoel Viana
Rio Grande do Sul,RS,Sul,431177,Maquiné
Rio Grande do Sul,RS,Sul,431179,Maratá
Rio Grande do Sul,RS,Sul,431180,Marau
Rio Grande do Sul,RS,Sul,431190,Marcelino Ramos
Rio Grande do Sul,RS,Sul,431198,Mariana Pimentel
Rio Grande do Sul,RS,Sul,431200,Mariano Moro
Rio Grande do Sul,RS,Sul,431205,Marques de Souza
Rio Grande do Sul,RS,Sul,431210,Mata
Rio Grande do Sul,RS,Sul,431213,Mato Castelhano
Rio Grande do Sul,RS,Sul,431215,Mato Leitão
Rio Grande do Sul,RS,Sul,431217,Mato Queimado
Rio Grande do Sul,RS,Sul,431220,Maximiliano de Almeida
Rio Grande do Sul,RS,Sul,431225,Minas do Leão
Rio Grande do Sul,RS,Sul,431230,Miraguaí
Rio Grande do Sul,RS,Sul,431235,Montauri
Rio Grande do Sul,RS,Sul,431237,Monte Alegre dos Campos
Rio Grande do Sul,RS,Sul,431238,Monte Belo do Sul
Rio Grande do Sul,RS,Sul,431240,Montenegro
Rio Grande do Sul,RS,Sul,431242,Mormaço
Rio Grande do Sul,RS,Sul,431244,Morrinhos do Sul
Rio Grande do Sul,RS,Sul,431245,Morro Redondo
Rio Grande do Sul,RS,Sul,431247,Morro Reuter
Rio Grande do Sul,RS,Sul,431250,Mostardas
Rio Grande do Sul,RS,Sul,431260,Muçum
Rio Grande do Sul,RS,Sul,431261,Muitos Capões
Rio Grande do Sul,RS,Sul,431262,Muliterno
Rio Grande do Sul,RS,Sul,431265,Não-Me-Toque
Rio Grande do Sul,RS,Sul,431267,Nicolau Vergueiro
Rio Grande do Sul,RS,Sul,431270,Nonoai
Rio Grande do Sul,RS,Sul,431275,Nova Alvorada
Rio Grande do Sul,RS,Sul,431280,Nova Araçá
Rio Grande do Sul,RS,Sul,431290,Nova Bassano
Rio Grande do Sul,RS,Sul,431295,Nova Boa Vista
Rio Grande do Sul,RS,Sul,431300,Nova Bréscia
Rio Grande do Sul,RS,Sul,431301,Nova Candelária
Rio Grande do Sul,RS,Sul,431303,Nova Esperança do Sul
Rio Grande do Sul,RS,Sul,431306,Nova Hartz
Rio Grande do Sul,RS,Sul,431308,Nova Pádua
Rio Grande do Sul,RS,Sul,431310,Nova Palma
Rio Grande do Sul,RS,Sul,431320,Nova Petrópolis
Rio Grande do Sul,RS,Sul,431330,Nova Prata
Rio Grande do Sul,RS,Sul,431333,Nova Ramada
Rio Grande do Sul,RS,Sul,431335,Nova Roma do Sul
Rio Grande do Sul,RS,Sul,431337,Nova Santa Rita
Rio Grande do Sul,RS,Sul,431349,Novo Barreiro
Rio Grande do Sul,RS,Sul,431339,Novo Cabrais
Rio Grande do Sul,RS,Sul,431340,Novo Hamburgo
Rio Grande do Sul,RS,Sul,431342,Novo Machado
Rio Grande do Sul,RS,Sul,431344,Novo Tiradentes
Rio Grande do Sul,RS,Sul,431346,Novo Xingu
Rio Grande do Sul,RS,Sul,431350,Osório
Rio Grande do Sul,RS,Sul,431360,Paim Filho
Rio Grande do Sul,RS,Sul,431365,Palmares do Sul
Rio Grande do Sul,RS,Sul,431370,Palmeira das Missões
Rio Grande do Sul,RS,Sul,431380,Palmitinho
Rio Grande do Sul,RS,Sul,431390,Panambi
Rio Grande do Sul,RS,Sul,431395,Pantano Grande
Rio Grande do Sul,RS,Sul,431400,Paraí
Rio Grande do Sul,RS,Sul,431402,Paraíso do Sul
Rio Grande do Sul,RS,Sul,431403,Pareci Novo
Rio Grande do Sul,RS,Sul,431405,Parobé
Rio Grande do Sul,RS,Sul,431406,Passa Sete
Rio Grande do Sul,RS,Sul,431407,Passo do Sobrado
Rio Grande do Sul,RS,Sul,431410,Passo Fundo
Rio Grande do Sul,RS,Sul,431413,Paulo Bento
Rio Grande do Sul,RS,Sul,431415,Paverama
Rio Grande do Sul,RS,Sul,431417,Pedras Altas
Rio Grande do Sul,RS,Sul,431420,Pedro Osório
Rio Grande do Sul,RS,Sul,431430,Pejuçara
Rio Grande do Sul,RS,Sul,431440,Pelotas
Rio Grande do Sul,RS,Sul,431442,Picada Café
Rio Grande do Sul,RS,Sul,431445,Pinhal
Rio Grande do Sul,RS,Sul,431446,Pinhal da Serra
Rio Grande do Sul,RS,Sul,431447,Pinhal Grande
Rio Grande do Sul,RS,Sul,431449,Pinheirinho do Vale
Rio Grande do Sul,RS,Sul,431450,Pinheiro Machado
Rio Grande do Sul,RS,Sul,431454,Pinto Bandeira
Rio Grande do Sul,RS,Sul,431455,Pirapó
Rio Grande do Sul,RS,Sul,431460,Piratini
Rio Grande do Sul,RS,Sul,431470,Planalto
Rio Grande do Sul,RS,Sul,431475,Poço das Antas
Rio Grande do Sul,RS,Sul,431477,Pontão
Rio Grande do Sul,RS,Sul,431478,Ponte Preta
Rio Grande do Sul,RS,Sul,431480,Portão
Rio Grande do Sul,RS,Sul,431490,Porto Alegre
Rio Grande do Sul,RS,Sul,431500,Porto Lucena
Rio Grande do Sul,RS,Sul,431505,Porto Mauá
Rio Grande do Sul,RS,Sul,431507,Porto Vera Cruz
Rio Grande do Sul,RS,Sul,431510,Porto Xavier
Rio Grande do Sul,RS,Sul,431513,Pouso Novo
Rio Grande do Sul,RS,Sul,431514,Presidente Lucena
Rio Grande do Sul,RS,Sul,431515,Progresso
Rio Grande do Sul,RS,Sul,431517,Protásio Alves
Rio Grande do Sul,RS,Sul,431520,Putinga
Rio Grande do Sul,RS,Sul,431530,Quaraí
Rio Grande do Sul,RS,Sul,431531,Quatro Irmãos
Rio Grande do Sul,RS,Sul,431532,Quevedos
Rio Grande do Sul,RS,Sul,431535,Quinze de Novembro
Rio Grande do Sul,RS,Sul,431540,Redentora
Rio Grande do Sul,RS,Sul,431545,Relvado
Rio Grande do Sul,RS,Sul,431550,Restinga Sêca
Rio Grande do Sul,RS,Sul,431555,Rio dos Índios
Rio Grande do Sul,RS,Sul,431560,Rio Grande
Rio Grande do Sul,RS,Sul,431570,Rio Pardo
Rio Grande do Sul,RS,Sul,431575,Riozinho
Rio Grande do Sul,RS,Sul,431580,Roca Sales
Rio Grande do Sul,RS,Sul,431590,Rodeio Bonito
Rio Grande do Sul,RS,Sul,431595,Rolador
Rio Grande do Sul,RS,Sul,431600,Rolante
Rio Grande do Sul,RS,Sul,431610,Ronda Alta
Rio Grande do Sul,RS,Sul,431620,Rondinha
Rio Grande do Sul,RS,Sul,431630,Roque Gonzales
Rio Grande do Sul,RS,Sul,431640,Rosário do Sul
Rio Grande do Sul,RS,Sul,431642,Sagrada Família
Rio Grande do Sul,RS,Sul,431643,Saldanha Marinho
Rio Grande do Sul,RS,Sul,431645,Salto do Jacuí
Rio Grande do Sul,RS,Sul,431647,Salvador das Missões
Rio Grande do Sul,RS,Sul,431650,Salvador do Sul
Rio Grande do Sul,RS,Sul,431660,Sananduva
Rio Grande do Sul,RS,Sul,431670,Santa Bárbara do Sul
Rio Grande do Sul,RS,Sul,431673,Santa Cecília do Sul
Rio Grande do Sul,RS,Sul,431675,Santa Clara do Sul
Rio Grande do Sul,RS,Sul,431680,Santa Cruz do Sul
Rio Grande do Sul,RS,Sul,431697,Santa Margarida do Sul
Rio Grande do Sul,RS,Sul,431690,Santa Maria
Rio Grande do Sul,RS,Sul,431695,Santa Maria do Herval
Rio Grande do Sul,RS,Sul,431720,Santa Rosa
Rio Grande do Sul,RS,Sul,431725,Santa Tereza
Rio Grande do Sul,RS,Sul,431730,Santa Vitória do Palmar
Rio Grande do Sul,RS,Sul,431700,Santana da Boa Vista
Rio Grande do Sul,RS,Sul,431710,Sant'Ana do Livramento
Rio Grande do Sul,RS,Sul,431740,Santiago
Rio Grande do Sul,RS,Sul,431750,Santo Ângelo
Rio Grande do Sul,RS,Sul,431760,Santo Antônio da Patrulha
Rio Grande do Sul,RS,Sul,431770,Santo Antônio das Missões
Rio Grande do Sul,RS,Sul,431755,Santo Antônio do Palma
Rio Grande do Sul,RS,Sul,431775,Santo Antônio do Planalto
Rio Grande do Sul,RS,Sul,431780,Santo Augusto
Rio Grande do Sul,RS,Sul,431790,Santo Cristo
Rio Grande do Sul,RS,Sul,431795,Santo Expedito do Sul
Rio Grande do Sul,RS,Sul,431800,São Borja
Rio Grande do Sul,RS,Sul,431805,São Domingos do Sul
Rio Grande do Sul,RS,Sul,431810,São Francisco de Assis
Rio Grande do Sul,RS,Sul,431820,São Francisco de Paula
Rio Grande do Sul,RS,Sul,431830,São Gabriel
Rio Grande do Sul,RS,Sul,431840,São Jerônimo
Rio Grande do Sul,RS,Sul,431842,São João da Urtiga
Rio Grande do Sul,RS,Sul,431843,São João do Polêsine
Rio Grande do Sul,RS,Sul,431844,São Jorge
Rio Grande do Sul,RS,Sul,431845,São José das Missões
Rio Grande do Sul,RS,Sul,431846,São José do Herval
Rio Grande do Sul,RS,Sul,431848,São José do Hortêncio
Rio Grande do Sul,RS,Sul,431849,São José do Inhacorá
Rio Grande do Sul,RS,Sul,431850,São José do Norte
Rio Grande do Sul,RS,Sul,431860,São José do Ouro
Rio Grande do Sul,RS,Sul,431861,São José do Sul
Rio Grande do Sul,RS,Sul,431862,São José dos Ausentes
Rio Grande do Sul,RS,Sul,431870,São Leopoldo
Rio Grande do Sul,RS,Sul,431880,São Lourenço do Sul
Rio Grande do Sul,RS,Sul,431890,São Luiz Gonzaga
Rio Grande do Sul,RS,Sul,431900,São Marcos
Rio Grande do Sul,RS,Sul,431910,São Martinho
Rio Grande do Sul,RS,Sul,431912,São Martinho da Serra
Rio Grande do Sul,RS,Sul,431915,São Miguel das Missões
Rio Grande do Sul,RS,Sul,431920,São Nicolau
Rio Grande do Sul,RS,Sul,431930,São Paulo das Missões
Rio Grande do Sul,RS,Sul,431935,São Pedro da Serra
Rio Grande do Sul,RS,Sul,431936,São Pedro das Missões
Rio Grande do Sul,RS,Sul,431937,São Pedro do Butiá
Rio Grande do Sul,RS,Sul,431940,São Pedro do Sul
Rio Grande do Sul,RS,Sul,431950,São Sebastião do Caí
Rio Grande do Sul,RS,Sul,431960,São Sepé
Rio Grande do Sul,RS,Sul,431970,São Valentim
Rio Grande do Sul,RS,Sul,431971,São Valentim do Sul
Rio Grande do Sul,RS,Sul,431973,São Valério do Sul
Rio Grande do Sul,RS,Sul,431975,São Vendelino
Rio Grande do Sul,RS,Sul,431980,São Vicente do Sul
Rio Grande do Sul,RS,Sul,431990,Sapiranga
Rio Grande do Sul,RS,Sul,432000,Sapucaia do Sul
Rio Grande do Sul,RS,Sul,432010,Sarandi
Rio Grande do Sul,RS,Sul,432020,Seberi
Rio Grande do Sul,RS,Sul,432023,Sede Nova
Rio Grande do Sul,RS,Sul,432026,Segredo
Rio Grande do Sul,RS,Sul,432030,Selbach
Rio Grande do Sul,RS,Sul,432032,Senador Salgado Filho
Rio Grande do Sul,RS,Sul,432035,Sentinela do Sul
Rio Grande do Sul,RS,Sul,432040,Serafina Corrêa
Rio Grande do Sul,RS,Sul,432045,Sério
Rio Grande do Sul,RS,Sul,432050,Sertão
Rio Grande do Sul,RS,Sul,432055,Sertão Santana
Rio Grande do Sul,RS,Sul,432057,Sete de Setembro
Rio Grande do Sul,RS,Sul,432060,Severiano de Almeida
Rio Grande do Sul,RS,Sul,432065,Silveira Martins
Rio Grande do Sul,RS,Sul,432067,Sinimbu
Rio Grande do Sul,RS,Sul,432070,Sobradinho
Rio Grande do Sul,RS,Sul,432080,Soledade
Rio Grande do Sul,RS,Sul,432085,Tabaí
Rio Grande do Sul,RS,Sul,432090,Tapejara
Rio Grande do Sul,RS,Sul,432100,Tapera
Rio Grande do Sul,RS,Sul,432110,Tapes
Rio Grande do Sul,RS,Sul,432120,Taquara
Rio Grande do Sul,RS,Sul,432130,Taquari
Rio Grande do Sul,RS,Sul,432132,Taquaruçu do Sul
Rio Grande do Sul,RS,Sul,432135,Tavares
Rio Grande do Sul,RS,Sul,432140,Tenente Portela
Rio Grande do Sul,RS,Sul,432143,Terra de Areia
Rio Grande do Sul,RS,Sul,432145,Teutônia
Rio Grande do Sul,RS,Sul,432146,Tio Hugo
Rio Grande do Sul,RS,Sul,432147,Tiradentes do Sul
Rio Grande do Sul,RS,Sul,432149,Toropi
Rio Grande do Sul,RS,Sul,432150,Torres
Rio Grande do Sul,RS,Sul,432160,Tramandaí
Rio Grande do Sul,RS,Sul,432162,Travesseiro
Rio Grande do Sul,RS,Sul,432163,Três Arroios
Rio Grande do Sul,RS,Sul,432166,Três Cachoeiras
Rio Grande do Sul,RS,Sul,432170,Três Coroas
Rio Grande do Sul,RS,Sul,432180,Três de Maio
Rio Grande do Sul,RS,Sul,432183,Três Forquilhas
Rio Grande do Sul,RS,Sul,432185,Três Palmeiras
Rio Grande do Sul,RS,Sul,432190,Três Passos
Rio Grande do Sul,RS,Sul,432195,Trindade do Sul
Rio Grande do Sul,RS,Sul,432200,Triunfo
Rio Grande do Sul,RS,Sul,432210,Tucunduva
Rio Grande do Sul,RS,Sul,432215,Tunas
Rio Grande do Sul,RS,Sul,432218,Tupanci do Sul
Rio Grande do Sul,RS,Sul,432220,Tupanciretã
Rio Grande do Sul,RS,Sul,432225,Tupandi
Rio Grande do Sul,RS,Sul,432230,Tuparendi
Rio Grande do Sul,RS,Sul,432232,Turuçu
Rio Grande do Sul,RS,Sul,432234,Ubiretama
Rio Grande do Sul,RS,Sul,432235,União da Serra
Rio Grande do Sul,RS,Sul,432237,Unistalda
Rio Grande do Sul,RS,Sul,432240,Uruguaiana
Rio Grande do Sul,RS,Sul,432250,Vacaria
Rio Grande do Sul,RS,Sul,432253,Vale do Sol
Rio Grande do Sul,RS,Sul,432254,Vale Real
Rio Grande do Sul,RS,Sul,432252,Vale Verde
Rio Grande do Sul,RS,Sul,432255,Vanini
Rio Grande do Sul,RS,Sul,432260,Venâncio Aires
Rio Grande do Sul,RS,Sul,432270,Vera Cruz
Rio Grande do Sul,RS,Sul,432280,Veranópolis
Rio Grande do Sul,RS,Sul,432285,Vespasiano Corrêa
Rio Grande do Sul,RS,Sul,432290,Viadutos
Rio Grande do Sul,RS,Sul,432300,Viamão
Rio Grande do Sul,RS,Sul,432310,Vicente Dutra
Rio Grande do Sul,RS,Sul,432320,Victor Graeff
Rio Grande do Sul,RS,Sul,432330,Vila Flores
Rio Grande do Sul,RS,Sul,432335,Vila Lângaro
Rio Grande do Sul,RS,Sul,432340,Vila Maria
Rio Grande do Sul,RS,Sul,432345,Vila Nova do Sul
Rio Grande do Sul,RS,Sul,432350,Vista Alegre
Rio Grande do Sul,RS,Sul,432360,Vista Alegre do Prata
Rio Grande do Sul,RS,Sul,432370,Vista Gaúcha
Rio Grande do Sul,RS,Sul,432375,Vitória das Missões
Rio Grande do Sul,RS,Sul,432377,Westfália
Rio Grande do Sul,RS,Sul,432380,Xangri-lá
São Paulo,SP,Sudeste,350010,Adamantina
São Paulo,SP,Sudeste,350020,Adolfo
São Paulo,SP,Sudeste,350030,Aguaí
São Paulo,SP,Sudeste,350040,Águas da Prata
São Paulo,SP,Sudeste,350050,Águas de Lindóia
São Paulo,SP,Sudeste,350055,Águas de Santa Bárbara
São Paulo,SP,Sudeste,350060,Águas de São Pedro
São Paulo,SP,Sudeste,350070,Agudos
São Paulo,SP,Sudeste,350075,Alambari
São Paulo,SP,Sudeste,350080,Alfredo Marcondes
São Paulo,SP,Sudeste,350090,Altair
São Paulo,SP,Sudeste,350100,Altinópolis
São Paulo,SP,Sudeste,350110,Alto Alegre
São Paulo,SP,Sudeste,350115,Alumínio
São Paulo,SP,Sudeste,350120,Álvares Florence
São Paulo,SP,Sudeste,350130,Álvares Machado
São Paulo,SP,Sudeste,350140,Álvaro de Carvalho
São Paulo,SP,Sudeste,350150,Alvinlândia
São Paulo,SP,Sudeste,350160,Americana
São Paulo,SP,Sudeste,350170,Américo Brasiliense
São Paulo,SP,Sudeste,350180,Américo de Campos
São Paulo,SP,Sudeste,350190,Amparo
São Paulo,SP,Sudeste,350200,Analândia
São Paulo,SP,Sudeste,350210,Andradina
São Paulo,SP,Sudeste,350220,Angatuba
São Paulo,SP,Sudeste,350230,Anhembi
São Paulo,SP,Sudeste,350240,Anhumas
São Paulo,SP,Sudeste,350250,Aparecida
São Paulo,SP,Sudeste,350260,Aparecida d'Oeste
São Paulo,SP,Sudeste,350270,Apiaí
São Paulo,SP,Sudeste,350275,Araçariguama
São Paulo,SP,Sudeste,350280,Araçatuba
São Paulo,SP,Sudeste,350290,Araçoiaba da Serra
São Paulo,SP,Sudeste,350300,Aramina
São Paulo,SP,Sudeste,350310,Arandu
São Paulo,SP,Sudeste,350315,Arapeí
São Paulo,SP,Sudeste,350320,Araraquara
São Paulo,SP,Sudeste,350330,Araras
São Paulo,SP,Sudeste,350335,Arco-Íris
São Paulo,SP,Sudeste,350340,Arealva
São Paulo,SP,Sudeste,350350,Areias
São Paulo,SP,Sudeste,350360,Areiópolis
São Paulo,SP,Sudeste,350370,Ariranha
São Paulo,SP,Sudeste,350380,Artur Nogueira
São Paulo,SP,Sudeste,350390,Arujá
São Paulo,SP,Sudeste,350395,Aspásia
São Paulo,SP,Sudeste,350400,Assis
São Paulo,SP,Sudeste,350410,Atibaia
São Paulo,SP,Sudeste,350420,Auriflama
São Paulo,SP,Sudeste,350430,Avaí
São Paulo,SP,Sudeste,350440,Avanhandava
São Paulo,SP,Sudeste,350450,Avaré
São Paulo,SP,Sudeste,350460,Bady Bassitt
São Paulo,SP,Sudeste,350470,Balbinos
São Paulo,SP,Sudeste,350480,Bálsamo
São Paulo,SP,Sudeste,350490,Bananal
São Paulo,SP,Sudeste,350500,Barão de Antonina
São Paulo,SP,Sudeste,350510,Barbosa
São Paulo,SP,Sudeste,350520,Bariri
São Paulo,SP,Sudeste,350530,Barra Bonita
São Paulo,SP,Sudeste,350535,Barra do Chapéu
São Paulo,SP,Sudeste,350540,Barra do Turvo
São Paulo,SP,Sudeste,350550,Barretos
São Paulo,SP,Sudeste,350560,Barrinha
São Paulo,SP,Sudeste,350570,Barueri
São Paulo,SP,Sudeste,350580,Bastos
São Paulo,SP,Sudeste,350590,Batatais
São Paulo,SP,Sudeste,350600,Bauru
São Paulo,SP,Sudeste,350610,Bebedouro
São Paulo,SP,Sudeste,350620,Bento de Abreu
São Paulo,SP,Sudeste,350630,Bernardino de Campos
São Paulo,SP,Sudeste,350635,Bertioga
São Paulo,SP,Sudeste,350640,Bilac
São Paulo,SP,Sudeste,350650,Birigui
São Paulo,SP,Sudeste,350660,Biritiba Mirim
São Paulo,SP,Sudeste,350670,Boa Esperança do Sul
São Paulo,SP,Sudeste,350680,Bocaina
São Paulo,SP,Sudeste,350690,Bofete
São Paulo,SP,Sudeste,350700,Boituva
São Paulo,SP,Sudeste,350710,Bom Jesus dos Perdões
São Paulo,SP,Sudeste,350715,Bom Sucesso de Itararé
São Paulo,SP,Sudeste,350720,Borá
São Paulo,SP,Sudeste,350730,Boracéia
São Paulo,SP,Sudeste,350740,Borborema
São Paulo,SP,Sudeste,350745,Borebi
São Paulo,SP,Sudeste,350750,Botucatu
São Paulo,SP,Sudeste,350760,Bragança Paulista
São Paulo,SP,Sudeste,350770,Braúna
São Paulo,SP,Sudeste,350775,Brejo Alegre
São Paulo,SP,Sudeste,350780,Brodowski
São Paulo,SP,Sudeste,350790,Brotas
São Paulo,SP,Sudeste,350800,Buri
São Paulo,SP,Sudeste,350810,Buritama
São Paulo,SP,Sudeste,350820,Buritizal
São Paulo,SP,Sudeste,350830,Cabrália Paulista
São Paulo,SP,Sudeste,350840,Cabreúva
São Paulo,SP,Sudeste,350850,Caçapava
São Paulo,SP,Sudeste,350860,Cachoeira Paulista
São Paulo,SP,Sudeste,350870,Caconde
São Paulo,SP,Sudeste,350880,Cafelândia
São Paulo,SP,Sudeste,350890,Caiabu
São Paulo,SP,Sudeste,350900,Caieiras
São Paulo,SP,Sudeste,350910,Caiuá
São Paulo,SP,Sudeste,350920,Cajamar
São Paulo,SP,Sudeste,350925,Cajati
São Paulo,SP,Sudeste,350930,Cajobi
São Paulo,SP,Sudeste,350940,Cajuru
São Paulo,SP,Sudeste,350945,Campina do Monte Alegre
São Paulo,SP,Sudeste,350950,Campinas
São Paulo,SP,Sudeste,350960,Campo Limpo Paulista
São Paulo,SP,Sudeste,350970,Campos do Jordão
São Paulo,SP,Sudeste,350980,Campos Novos Paulista
São Paulo,SP,Sudeste,350990,Cananéia
São Paulo,SP,Sudeste,350995,Canas
São Paulo,SP,Sudeste,351000,Cândido Mota
São Paulo,SP,Sudeste,351010,Cândido Rodrigues
São Paulo,SP,Sudeste,351015,Canitar
São Paulo,SP,Sudeste,351020,Capão Bonito
São Paulo,SP,Sudeste,351030,Capela do Alto
São Paulo,SP,Sudeste,351040,Capivari
São Paulo,SP,Sudeste,351050,Caraguatatuba
São Paulo,SP,Sudeste,351060,Carapicuíba
São Paulo,SP,Sudeste,351070,Cardoso
São Paulo,SP,Sudeste,351080,Casa Branca
São Paulo,SP,Sudeste,351090,Cássia dos Coqueiros
São Paulo,SP,Sudeste,351100,Castilho
São Paulo,SP,Sudeste,351110,Catanduva
São Paulo,SP,Sudeste,351120,Catiguá
São Paulo,SP,Sudeste,351130,Cedral
São Paulo,SP,Sudeste,351140,Cerqueira César
São Paulo,SP,Sudeste,351150,Cerquilho
São Paulo,SP,Sudeste,351160,Cesário Lange
São Paulo,SP,Sudeste,351170,Charqueada
São Paulo,SP,Sudeste,355720,Chavantes
São Paulo,SP,Sudeste,351190,Clementina
São Paulo,SP,Sudeste,351200,Colina
São Paulo,SP,Sudeste,351210,Colômbia
São Paulo,SP,Sudeste,351220,Conchal
São Paulo,SP,Sudeste,351230,Conchas
São Paulo,SP,Sudeste,351240,Cordeirópolis
São Paulo,SP,Sudeste,351250,Coroados
São Paulo,SP,Sudeste,351260,Coronel Macedo
São Paulo,SP,Sudeste,351270,Corumbataí
São Paulo,SP,Sudeste,351280,Cosmópolis
São Paulo,SP,Sudeste,351290,Cosmorama
São Paulo,SP,Sudeste,351300,Cotia
São Paulo,SP,Sudeste,351310,Cravinhos
São Paulo,SP,Sudeste,351320,Cristais Paulista
São Paulo,SP,Sudeste,351330,Cruzália
São Paulo,SP,Sudeste,351340,Cruzeiro
São Paulo,SP,Sudeste,351350,Cubatão
São Paulo,SP,Sudeste,351360,Cunha
São Paulo,SP,Sudeste,351370,Descalvado
São Paulo,SP,Sudeste,351380,Diadema
São Paulo,SP,Sudeste,351385,Dirce Reis
São Paulo,SP,Sudeste,351390,Divinolândia
São Paulo,SP,Sudeste,351400,Dobrada
São Paulo,SP,Sudeste,351410,Dois Córregos
São Paulo,SP,Sudeste,351420,Dolcinópolis
São Paulo,SP,Sudeste,351430,Dourado
São Paulo,SP,Sudeste,351440,Dracena
São Paulo,SP,Sudeste,351450,Duartina
São Paulo,SP,Sudeste,351460,Dumont
São Paulo,SP,Sudeste,351470,Echaporã
São Paulo,SP,Sudeste,351480,Eldorado
São Paulo,SP,Sudeste,351490,Elias Fausto
São Paulo,SP,Sudeste,351492,Elisiário
São Paulo,SP,Sudeste,351495,Embaúba
São Paulo,SP,Sudeste,351500,Embu das Artes
São Paulo,SP,Sudeste,351510,Embu-Guaçu
São Paulo,SP,Sudeste,351512,Emilianópolis
São Paulo,SP,Sudeste,351515,Engenheiro Coelho
São Paulo,SP,Sudeste,351518,Espírito Santo do Pinhal
São Paulo,SP,Sudeste,351519,Espírito Santo do Turvo
São Paulo,SP,Sudeste,355730,Estiva Gerbi
São Paulo,SP,Sudeste,351530,Estrela do Norte
São Paulo,SP,Sudeste,351520,Estrela d'Oeste
São Paulo,SP,Sudeste,351535,Euclides da Cunha Paulista
São Paulo,SP,Sudeste,351540,Fartura
São Paulo,SP,Sudeste,351560,Fernando Prestes
São Paulo,SP,Sudeste,351550,Fernandópolis
São Paulo,SP,Sudeste,351565,Fernão
São Paulo,SP,Sudeste,351570,Ferraz de Vasconcelos
São Paulo,SP,Sudeste,351580,Flora Rica
São Paulo,SP,Sudeste,351590,Floreal
São Paulo,SP,Sudeste,351600,Flórida Paulista
São Paulo,SP,Sudeste,351610,Florínea
São Paulo,SP,Sudeste,351620,Franca
São Paulo,SP,Sudeste,351630,Francisco Morato
São Paulo,SP,Sudeste,351640,Franco da Rocha
São Paulo,SP,Sudeste,351650,Gabriel Monteiro
São Paulo,SP,Sudeste,351660,Gália
São Paulo,SP,Sudeste,351670,Garça
São Paulo,SP,Sudeste,351680,Gastão Vidigal
São Paulo,SP,Sudeste,351685,Gavião Peixoto
São Paulo,SP,Sudeste,351690,General Salgado
São Paulo,SP,Sudeste,351700,Getulina
São Paulo,SP,Sudeste,351710,Glicério
São Paulo,SP,Sudeste,351720,Guaiçara
São Paulo,SP,Sudeste,351730,Guaimbê
São Paulo,SP,Sudeste,351740,Guaíra
São Paulo,SP,Sudeste,351750,Guapiaçu
São Paulo,SP,Sudeste,351760,Guapiara
São Paulo,SP,Sudeste,351770,Guará
São Paulo,SP,Sudeste,351780,Guaraçaí
São Paulo,SP,Sudeste,351790,Guaraci
São Paulo,SP,Sudeste,351800,Guarani d'Oeste
São Paulo,SP,Sudeste,351810,Guarantã
São Paulo,SP,Sudeste,351820,Guararapes
São Paulo,SP,Sudeste,351830,Guararema
São Paulo,SP,Sudeste,351840,Guaratinguetá
São Paulo,SP,Sudeste,351850,Guareí
São Paulo,SP,Sudeste,351860,Guariba
São Paulo,SP,Sudeste,351870,Guarujá
São Paulo,SP,Sudeste,351880,Guarulhos
São Paulo,SP,Sudeste,351885,Guatapará
São Paulo,SP,Sudeste,351890,Guzolândia
São Paulo,SP,Sudeste,351900,Herculândia
São Paulo,SP,Sudeste,351905,Holambra
São Paulo,SP,Sudeste,351907,Hortolândia
São Paulo,SP,Sudeste,351910,Iacanga
São Paulo,SP,Sudeste,351920,Iacri
São Paulo,SP,Sudeste,351925,Iaras
São Paulo,SP,Sudeste,351930,Ibaté
São Paulo,SP,Sudeste,351940,Ibirá
São Paulo,SP,Sudeste,351950,Ibirarema
São Paulo,SP,Sudeste,351960,Ibitinga
São Paulo,SP,Sudeste,351970,Ibiúna
São Paulo,SP,Sudeste,351980,Icém
São Paulo,SP,Sudeste,351990,Iepê
São Paulo,SP,Sudeste,352000,Igaraçu do Tietê
São Paulo,SP,Sudeste,352010,Igarapava
São Paulo,SP,Sudeste,352020,Igaratá
São Paulo,SP,Sudeste,352030,Iguape
São Paulo,SP,Sudeste,352042,Ilha Comprida
São Paulo,SP,Sudeste,352044,Ilha Solteira
São Paulo,SP,Sudeste,352040,Ilhabela
São Paulo,SP,Sudeste,352050,Indaiatuba
São Paulo,SP,Sudeste,352060,Indiana
São Paulo,SP,Sudeste,352070,Indiaporã
São Paulo,SP,Sudeste,352080,Inúbia Paulista
São Paulo,SP,Sudeste,352090,Ipaussu
São Paulo,SP,Sudeste,352100,Iperó
São Paulo,SP,Sudeste,352110,Ipeúna
São Paulo,SP,Sudeste,352115,Ipiguá
São Paulo,SP,Sudeste,352120,Iporanga
São Paulo,SP,Sudeste,352130,Ipuã
São Paulo,SP,Sudeste,352140,Iracemápolis
São Paulo,SP,Sudeste,352150,Irapuã
São Paulo,SP,Sudeste,352160,Irapuru
São Paulo,SP,Sudeste,352170,Itaberá
São Paulo,SP,Sudeste,352180,Itaí
São Paulo,SP,Sudeste,352190,Itajobi
São Paulo,SP,Sudeste,352200,Itaju
São Paulo,SP,Sudeste,352210,Itanhaém
São Paulo,SP,Sudeste,352215,Itaoca
São Paulo,SP,Sudeste,352220,Itapecerica da Serra
São Paulo,SP,Sudeste,352230,Itapetininga
São Paulo,SP,Sudeste,352240,Itapeva
São Paulo,SP,Sudeste,352250,Itapevi
São Paulo,SP,Sudeste,352260,Itapira
São Paulo,SP,Sudeste,352265,Itapirapuã Paulista
São Paulo,SP,Sudeste,352270,Itápolis
São Paulo,SP,Sudeste,352280,Itaporanga
São Paulo,SP,Sudeste,352290,Itapuí
São Paulo,SP,Sudeste,352300,Itapura
São Paulo,SP,Sudeste,352310,Itaquaquecetuba
São Paulo,SP,Sudeste,352320,Itararé
São Paulo,SP,Sudeste,352330,Itariri
São Paulo,SP,Sudeste,352340,Itatiba
São Paulo,SP,Sudeste,352350,Itatinga
São Paulo,SP,Sudeste,352360,Itirapina
São Paulo,SP,Sudeste,352370,Itirapuã
São Paulo,SP,Sudeste,352380,Itobi
São Paulo,SP,Sudeste,352390,Itu
São Paulo,SP,Sudeste,352400,Itupeva
São Paulo,SP,Sudeste,352410,Ituverava
São Paulo,SP,Sudeste,352420,Jaborandi
São Paulo,SP,Sudeste,352430,Jaboticabal
São Paulo,SP,Sudeste,352440,Jacareí
São Paulo,SP,Sudeste,352450,Jaci
São Paulo,SP,Sudeste,352460,Jacupiranga
São Paulo,SP,Sudeste,352470,Jaguariúna
São Paulo,SP,Sudeste,352480,Jales
São Paulo,SP,Sudeste,352490,Jambeiro
São Paulo,SP,Sudeste,352500,Jandira
São Paulo,SP,Sudeste,352510,Jardinópolis
São Paulo,SP,Sudeste,352520,Jarinu
São Paulo,SP,Sudeste,352530,Jaú
São Paulo,SP,Sudeste,352540,Jeriquara
São Paulo,SP,Sudeste,352550,Joanópolis
São Paulo,SP,Sudeste,352560,João Ramalho
São Paulo,SP,Sudeste,352570,José Bonifácio
São Paulo,SP,Sudeste,352580,Júlio Mesquita
São Paulo,SP,Sudeste,352585,Jumirim
São Paulo,SP,Sudeste,352590,Jundiaí
São Paulo,SP,Sudeste,352600,Junqueirópolis
São Paulo,SP,Sudeste,352610,Juquiá
São Paulo,SP,Sudeste,352620,Juquitiba
São Paulo,SP,Sudeste,352630,Lagoinha
São Paulo,SP,Sudeste,352640,Laranjal Paulista
São Paulo,SP,Sudeste,352650,Lavínia
São Paulo,SP,Sudeste,352660,Lavrinhas
São Paulo,SP,Sudeste,352670,Leme
São Paulo,SP,Sudeste,352680,Lençóis Paulista
São Paulo,SP,Sudeste,352690,Limeira
São Paulo,SP,Sudeste,352700,Lindóia
São Paulo,SP,Sudeste,352710,Lins
São Paulo,SP,Sudeste,352720,Lorena
São Paulo,SP,Sudeste,352725,Lourdes
São Paulo,SP,Sudeste,352730,Louveira
São Paulo,SP,Sudeste,352740,Lucélia
São Paulo,SP,Sudeste,352750,Lucianópolis
São Paulo,SP,Sudeste,352760,Luís Antônio
São Paulo,SP,Sudeste,352770,Luiziânia
São Paulo,SP,Sudeste,352780,Lupércio
São Paulo,SP,Sudeste,352790,Lutécia
São Paulo,SP,Sudeste,352800,Macatuba
São Paulo,SP,Sudeste,352810,Macaubal
São Paulo,SP,Sudeste,352820,Macedônia
São Paulo,SP,Sudeste,352830,Magda
São Paulo,SP,Sudeste,352840,Mairinque
São Paulo,SP,Sudeste,352850,Mairiporã
São Paulo,SP,Sudeste,352860,Manduri
São Paulo,SP,Sudeste,352870,Marabá Paulista
São Paulo,SP,Sudeste,352880,Maracaí
São Paulo,SP,Sudeste,352885,Marapoama
São Paulo,SP,Sudeste,352890,Mariápolis
São Paulo,SP,Sudeste,352900,Marília
São Paulo,SP,Sudeste,352910,Marinópolis
São Paulo,SP,Sudeste,352920,Martinópolis
São Paulo,SP,Sudeste,352930,Matão
São Paulo,SP,Sudeste,352940,Mauá
São Paulo,SP,Sudeste,352950,Mendonça
São Paulo,SP,Sudeste,352960,Meridiano
São Paulo,SP,Sudeste,352965,Mesópolis
São Paulo,SP,Sudeste,352970,Miguelópolis
São Paulo,SP,Sudeste,352980,Mineiros do Tietê
São Paulo,SP,Sudeste,353000,Mira Estrela
São Paulo,SP,Sudeste,352990,Miracatu
São Paulo,SP,Sudeste,353010,Mirandópolis
São Paulo,SP,Sudeste,353020,Mirante do Paranapanema
São Paulo,SP,Sudeste,353030,Mirassol
São Paulo,SP,Sudeste,353040,Mirassolândia
São Paulo,SP,Sudeste,353050,Mococa
São Paulo,SP,Sudeste,353060,Mogi das Cruzes
São Paulo,SP,Sudeste,353070,Mogi Guaçu
São Paulo,SP,Sudeste,353080,Mogi Mirim
São Paulo,SP,Sudeste,353090,Mombuca
São Paulo,SP,Sudeste,353100,Monções
São Paulo,SP,Sudeste,353110,Mongaguá
São Paulo,SP,Sudeste,353120,Monte Alegre do Sul
São Paulo,SP,Sudeste,353130,Monte Alto
São Paulo,SP,Sudeste,353140,Monte Aprazível
São Paulo,SP,Sudeste,353150,Monte Azul Paulista
São Paulo,SP,Sudeste,353160,Monte Castelo
São Paulo,SP,Sudeste,353180,Monte Mor
São Paulo,SP,Sudeste,353170,Monteiro Lobato
São Paulo,SP,Sudeste,353190,Morro Agudo
São Paulo,SP,Sudeste,353200,Morungaba
São Paulo,SP,Sudeste,353205,Motuca
São Paulo,SP,Sudeste,353210,Murutinga do Sul
São Paulo,SP,Sudeste,353215,Nantes
São Paulo,SP,Sudeste,353220,Narandiba
São Paulo,SP,Sudeste,353230,Natividade da Serra
São Paulo,SP,Sudeste,353240,Nazaré Paulista
São Paulo,SP,Sudeste,353250,Neves Paulista
São Paulo,SP,Sudeste,353260,Nhandeara
São Paulo,SP,Sudeste,353270,Nipoã
São Paulo,SP,Sudeste,353280,Nova Aliança
São Paulo,SP,Sudeste,353282,Nova Campina
São Paulo,SP,Sudeste,353284,Nova Canaã Paulista
São Paulo,SP,Sudeste,353286,Nova Castilho
São Paulo,SP,Sudeste,353290,Nova Europa
São Paulo,SP,Sudeste,353300,Nova Granada
São Paulo,SP,Sudeste,353310,Nova Guataporanga
São Paulo,SP,Sudeste,353320,Nova Independência
São Paulo,SP,Sudeste,353330,Nova Luzitânia
São Paulo,SP,Sudeste,353340,Nova Odessa
São Paulo,SP,Sudeste,353325,Novais
São Paulo,SP,Sudeste,353350,Novo Horizonte
São Paulo,SP,Sudeste,353360,Nuporanga
São Paulo,SP,Sudeste,353370,Ocauçu
São Paulo,SP,Sudeste,353380,Óleo
São Paulo,SP,Sudeste,353390,Olímpia
São Paulo,SP,Sudeste,353400,Onda Verde
São Paulo,SP,Sudeste,353410,Oriente
São Paulo,SP,Sudeste,353420,Orindiúva
São Paulo,SP,Sudeste,353430,Orlândia
São Paulo,SP,Sudeste,353440,Osasco
São Paulo,SP,Sudeste,353450,Oscar Bressane
São Paulo,SP,Sudeste,353460,Osvaldo Cruz
São Paulo,SP,Sudeste,353470,Ourinhos
São Paulo,SP,Sudeste,353480,Ouro Verde
São Paulo,SP,Sudeste,353475,Ouroeste
São Paulo,SP,Sudeste,353490,Pacaembu
São Paulo,SP,Sudeste,353500,Palestina
São Paulo,SP,Sudeste,353510,Palmares Paulista
São Paulo,SP,Sudeste,353520,Palmeira d'Oeste
São Paulo,SP,Sudeste,353530,Palmital
São Paulo,SP,Sudeste,353540,Panorama
São Paulo,SP,Sudeste,353550,Paraguaçu Paulista
São Paulo,SP,Sudeste,353560,Paraibuna
São Paulo,SP,Sudeste,353570,Paraíso
São Paulo,SP,Sudeste,353580,Paranapanema
São Paulo,SP,Sudeste,353590,Paranapuã
São Paulo,SP,Sudeste,353600,Parapuã
São Paulo,SP,Sudeste,353610,Pardinho
São Paulo,SP,Sudeste,353620,Pariquera-Açu
São Paulo,SP,Sudeste,353625,Parisi
São Paulo,SP,Sudeste,353630,Patrocínio Paulista
São Paulo,SP,Sudeste,353640,Paulicéia
São Paulo,SP,Sudeste,353650,Paulínia
São Paulo,SP,Sudeste,353657,Paulistânia
São Paulo,SP,Sudeste,353660,Paulo de Faria
São Paulo,SP,Sudeste,353670,Pederneiras
São Paulo,SP,Sudeste,353680,Pedra Bela
São Paulo,SP,Sudeste,353690,Pedranópolis
São Paulo,SP,Sudeste,353700,Pedregulho
São Paulo,SP,Sudeste,353710,Pedreira
São Paulo,SP,Sudeste,353715,Pedrinhas Paulista
São Paulo,SP,Sudeste,353720,Pedro de Toledo
São Paulo,SP,Sudeste,353730,Penápolis
São Paulo,SP,Sudeste,353740,Pereira Barreto
São Paulo,SP,Sudeste,353750,Pereiras
São Paulo,SP,Sudeste,353760,Peruíbe
São Paulo,SP,Sudeste,353770,Piacatu
São Paulo,SP,Sudeste,353780,Piedade
São Paulo,SP,Sudeste,353790,Pilar do Sul
São Paulo,SP,Sudeste,353800,Pindamonhangaba
São Paulo,SP,Sudeste,353810,Pindorama
São Paulo,SP,Sudeste,353820,Pinhalzinho
São Paulo,SP,Sudeste,353830,Piquerobi
São Paulo,SP,Sudeste,353850,Piquete
São Paulo,SP,Sudeste,353860,Piracaia
São Paulo,SP,Sudeste,353870,Piracicaba
São Paulo,SP,Sudeste,353880,Piraju
São Paulo,SP,Sudeste,353890,Pirajuí
São Paulo,SP,Sudeste,353900,Pirangi
São Paulo,SP,Sudeste,353910,Pirapora do Bom Jesus
São Paulo,SP,Sudeste,353920,Pirapozinho
São Paulo,SP,Sudeste,353930,Pirassununga
São Paulo,SP,Sudeste,353940,Piratininga
São Paulo,SP,Sudeste,353950,Pitangueiras
São Paulo,SP,Sudeste,353960,Planalto
São Paulo,SP,Sudeste,353970,Platina
São Paulo,SP,Sudeste,353980,Poá
São Paulo,SP,Sudeste,353990,Poloni
São Paulo,SP,Sudeste,354000,Pompéia
São Paulo,SP,Sudeste,354010,Pongaí
São Paulo,SP,Sudeste,354020,Pontal
São Paulo,SP,Sudeste,354025,Pontalinda
São Paulo,SP,Sudeste,354030,Pontes Gestal
São Paulo,SP,Sudeste,354040,Populina
São Paulo,SP,Sudeste,354050,Porangaba
São Paulo,SP,Sudeste,354060,Porto Feliz
São Paulo,SP,Sudeste,354070,Porto Ferreira
São Paulo,SP,Sudeste,354075,Potim
São Paulo,SP,Sudeste,354080,Potirendaba
São Paulo,SP,Sudeste,354085,Pracinha
São Paulo,SP,Sudeste,354090,Pradópolis
São Paulo,SP,Sudeste,354100,Praia Grande
São Paulo,SP,Sudeste,354105,Pratânia
São Paulo,SP,Sudeste,354110,Presidente Alves
São Paulo,SP,Sudeste,354120,Presidente Bernardes
São Paulo,SP,Sudeste,354130,Presidente Epitácio
São Paulo,SP,Sudeste,354140,Presidente Prudente
São Paulo,SP,Sudeste,354150,Presidente Venceslau
São Paulo,SP,Sudeste,354160,Promissão
São Paulo,SP,Sudeste,354165,Quadra
São Paulo,SP,Sudeste,354170,Quatá
São Paulo,SP,Sudeste,354180,Queiroz
São Paulo,SP,Sudeste,354190,Queluz
São Paulo,SP,Sudeste,354200,Quintana
São Paulo,SP,Sudeste,354210,Rafard
São Paulo,SP,Sudeste,354220,Rancharia
São Paulo,SP,Sudeste,354230,Redenção da Serra
São Paulo,SP,Sudeste,354240,Regente Feijó
São Paulo,SP,Sudeste,354250,Reginópolis
São Paulo,SP,Sudeste,354260,Registro
São Paulo,SP,Sudeste,354270,Restinga
São Paulo,SP,Sudeste,354280,Ribeira
São Paulo,SP,Sudeste,354290,Ribeirão Bonito
São Paulo,SP,Sudeste,354300,Ribeirão Branco
São Paulo,SP,Sudeste,354310,Ribeirão Corrente
São Paulo,SP,Sudeste,354320,Ribeirão do Sul
São Paulo,SP,Sudeste,354323,Ribeirão dos Índios
São Paulo,SP,Sudeste,354325,Ribeirão Grande
São Paulo,SP,Sudeste,354330,Ribeirão Pires
São Paulo,SP,Sudeste,354340,Ribeirão Preto
São Paulo,SP,Sudeste,354360,Rifaina
São Paulo,SP,Sudeste,354370,Rincão
São Paulo,SP,Sudeste,354380,Rinópolis
São Paulo,SP,Sudeste,354390,Rio Claro
São Paulo,SP,Sudeste,354400,Rio das Pedras
São Paulo,SP,Sudeste,354410,Rio Grande da Serra
São Paulo,SP,Sudeste,354420,Riolândia
São Paulo,SP,Sudeste,354350,Riversul
São Paulo,SP,Sudeste,354425,Rosana
São Paulo,SP,Sudeste,354430,Roseira
São Paulo,SP,Sudeste,354440,Rubiácea
São Paulo,SP,Sudeste,354450,Rubinéia
São Paulo,SP,Sudeste,354460,Sabino
São Paulo,SP,Sudeste,354470,Sagres
São Paulo,SP,Sudeste,354480,Sales
São Paulo,SP,Sudeste,354490,Sales Oliveira
São Paulo,SP,Sudeste,354500,Salesópolis
São Paulo,SP,Sudeste,354510,Salmourão
São Paulo,SP,Sudeste,354515,Saltinho
São Paulo,SP,Sudeste,354520,Salto
São Paulo,SP,Sudeste,354530,Salto de Pirapora
São Paulo,SP,Sudeste,354540,Salto Grande
São Paulo,SP,Sudeste,354550,Sandovalina
São Paulo,SP,Sudeste,354560,Santa Adélia
São Paulo,SP,Sudeste,354570,Santa Albertina
São Paulo,SP,Sudeste,354580,Santa Bárbara d'Oeste
São Paulo,SP,Sudeste,354600,Santa Branca
São Paulo,SP,Sudeste,354610,Santa Clara d'Oeste
São Paulo,SP,Sudeste,354620,Santa Cruz da Conceição
São Paulo,SP,Sudeste,354625,Santa Cruz da Esperança
São Paulo,SP,Sudeste,354630,Santa Cruz das Palmeiras
São Paulo,SP,Sudeste,354640,Santa Cruz do Rio Pardo
São Paulo,SP,Sudeste,354650,Santa Ernestina
São Paulo,SP,Sudeste,354660,Santa Fé do Sul
São Paulo,SP,Sudeste,354670,Santa Gertrudes
São Paulo,SP,Sudeste,354680,Santa Isabel
São Paulo,SP,Sudeste,354690,Santa Lúcia
São Paulo,SP,Sudeste,354700,Santa Maria da Serra
São Paulo,SP,Sudeste,354710,Santa Mercedes
São Paulo,SP,Sudeste,354750,Santa Rita do Passa Quatro
São Paulo,SP,Sudeste,354740,Santa Rita d'Oeste
São Paulo,SP,Sudeste,354760,Santa Rosa de Viterbo
São Paulo,SP,Sudeste,354765,Santa Salete
São Paulo,SP,Sudeste,354720,Santana da Ponte Pensa
São Paulo,SP,Sudeste,354730,Santana de Parnaíba
São Paulo,SP,Sudeste,354770,Santo Anastácio
São Paulo,SP,Sudeste,354780,Santo André
São Paulo,SP,Sudeste,354790,Santo Antônio da Alegria
São Paulo,SP,Sudeste,354800,Santo Antônio de Posse
São Paulo,SP,Sudeste,354805,Santo Antônio do Aracanguá
São Paulo,SP,Sudeste,354810,Santo Antônio do Jardim
São Paulo,SP,Sudeste,354820,Santo Antônio do Pinhal
São Paulo,SP,Sudeste,354830,Santo Expedito
São Paulo,SP,Sudeste,354840,Santópolis do Aguapeí
São Paulo,SP,Sudeste,354850,Santos
São Paulo,SP,Sudeste,354860,São Bento do Sapucaí
São Paulo,SP,Sudeste,354870,São Bernardo do Campo
São Paulo,SP,Sudeste,354880,São Caetano do Sul
São Paulo,SP,Sudeste,354890,São Carlos
São Paulo,SP,Sudeste,354900,São Francisco
São Paulo,SP,Sudeste,354910,São João da Boa Vista
São Paulo,SP,Sudeste,354920,São João das Duas Pontes
São Paulo,SP,Sudeste,354925,São João de Iracema
São Paulo,SP,Sudeste,354930,São João do Pau d'Alho
São Paulo,SP,Sudeste,354940,São Joaquim da Barra
São Paulo,SP,Sudeste,354950,São José da Bela Vista
São Paulo,SP,Sudeste,354960,São José do Barreiro
São Paulo,SP,Sudeste,354970,São José do Rio Pardo
São Paulo,SP,Sudeste,354980,São José do Rio Preto
São Paulo,SP,Sudeste,354990,São José dos Campos
São Paulo,SP,Sudeste,354995,São Lourenço da Serra
São Paulo,SP,Sudeste,355000,São Luiz do Paraitinga
São Paulo,SP,Sudeste,355010,São Manuel
São Paulo,SP,Sudeste,355020,São Miguel Arcanjo
São Paulo,SP,Sudeste,355030,São Paulo
São Paulo,SP,Sudeste,355040,São Pedro
São Paulo,SP,Sudeste,355050,São Pedro do Turvo
São Paulo,SP,Sudeste,355060,São Roque
São Paulo,SP,Sudeste,355070,São Sebastião
São Paulo,SP,Sudeste,355080,São Sebastião da Grama
São Paulo,SP,Sudeste,355090,São Simão
São Paulo,SP,Sudeste,355100,São Vicente
São Paulo,SP,Sudeste,355110,Sarapuí
São Paulo,SP,Sudeste,355120,Sarutaiá
São Paulo,SP,Sudeste,355130,Sebastianópolis do Sul
São Paulo,SP,Sudeste,355140,Serra Azul
São Paulo,SP,Sudeste,355160,Serra Negra
São Paulo,SP,Sudeste,355150,Serrana
São Paulo,SP,Sudeste,355170,Sertãozinho
São Paulo,SP,Sudeste,355180,Sete Barras
São Paulo,SP,Sudeste,355190,Severínia
São Paulo,SP,Sudeste,355200,Silveiras
São Paulo,SP,Sudeste,355210,Socorro
São Paulo,SP,Sudeste,355220,Sorocaba
São Paulo,SP,Sudeste,355230,Sud Mennucci
São Paulo,SP,Sudeste,355240,Sumaré
São Paulo,SP,Sudeste,355255,Suzanápolis
São Paulo,SP,Sudeste,355250,Suzano
São Paulo,SP,Sudeste,355260,Tabapuã
São Paulo,SP,Sudeste,355270,Tabatinga
São Paulo,SP,Sudeste,355280,Taboão da Serra
São Paulo,SP,Sudeste,355290,Taciba
São Paulo,SP,Sudeste,355300,Taguaí
São Paulo,SP,Sudeste,355310,Taiaçu
São Paulo,SP,Sudeste,355320,Taiúva
São Paulo,SP,Sudeste,355330,Tambaú
São Paulo,SP,Sudeste,355340,Tanabi
São Paulo,SP,Sudeste,355350,Tapiraí
São Paulo,SP,Sudeste,355360,Tapiratiba
São Paulo,SP,Sudeste,355365,Taquaral
São Paulo,SP,Sudeste,355370,Taquaritinga
São Paulo,SP,Sudeste,355380,Taquarituba
São Paulo,SP,Sudeste,355385,Taquarivaí
São Paulo,SP,Sudeste,355390,Tarabai
São Paulo,SP,Sudeste,355395,Tarumã
São Paulo,SP,Sudeste,355400,Tatuí
São Paulo,SP,Sudeste,355410,Taubaté
São Paulo,SP,Sudeste,355420,Tejupá
São Paulo,SP,Sudeste,355430,Teodoro Sampaio
São Paulo,SP,Sudeste,355440,Terra Roxa
São Paulo,SP,Sudeste,355450,Tietê
São Paulo,SP,Sudeste,355460,Timburi
São Paulo,SP,Sudeste,355465,Torre de Pedra
São Paulo,SP,Sudeste,355470,Torrinha
São Paulo,SP,Sudeste,355475,Trabiju
São Paulo,SP,Sudeste,355480,Tremembé
São Paulo,SP,Sudeste,355490,Três Fronteiras
São Paulo,SP,Sudeste,355495,Tuiuti
São Paulo,SP,Sudeste,355500,Tupã
São Paulo,SP,Sudeste,355510,Tupi Paulista
São Paulo,SP,Sudeste,355520,Turiúba
São Paulo,SP,Sudeste,355530,Turmalina
São Paulo,SP,Sudeste,355535,Ubarana
São Paulo,SP,Sudeste,355540,Ubatuba
São Paulo,SP,Sudeste,355550,Ubirajara
São Paulo,SP,Sudeste,355560,Uchoa
São Paulo,SP,Sudeste,355570,União Paulista
São Paulo,SP,Sudeste,355580,Urânia
São Paulo,SP,Sudeste,355590,Uru
São Paulo,SP,Sudeste,355600,Urupês
São Paulo,SP,Sudeste,355610,Valentim Gentil
São Paulo,SP,Sudeste,355620,Valinhos
São Paulo,SP,Sudeste,355630,Valparaíso
São Paulo,SP,Sudeste,355635,Vargem
São Paulo,SP,Sudeste,355640,Vargem Grande do Sul
São Paulo,SP,Sudeste,355645,Vargem Grande Paulista
São Paulo,SP,Sudeste,355650,Várzea Paulista
São Paulo,SP,Sudeste,355660,Vera Cruz
São Paulo,SP,Sudeste,355670,Vinhedo
São Paulo,SP,Sudeste,355680,Viradouro
São Paulo,SP,Sudeste,355690,Vista Alegre do Alto
São Paulo,SP,Sudeste,355695,Vitória Brasil
São Paulo,SP,Sudeste,355700,Votorantim
São Paulo,SP,Sudeste,355710,Votuporanga
São Paulo,SP,Sudeste,355715,Zacarias
Espírito Santo,ES,Sudeste,320010,Afonso Cláudio
Espírito Santo,ES,Sudeste,320016,Água Doce do Norte
Espírito Santo,ES,Sudeste,320013,Águia Branca
Espírito Santo,ES,Sudeste,320020,Alegre
Espírito Santo,ES,Sudeste,320030,Alfredo Chaves
Espírito Santo,ES,Sudeste,320035,Alto Rio Novo
Espírito Santo,ES,Sudeste,320040,Anchieta
Espírito Santo,ES,Sudeste,320050,Apiacá
Espírito Santo,ES,Sudeste,320060,Aracruz
Espírito Santo,ES,Sudeste,320070,Atílio Vivácqua
Espírito Santo,ES,Sudeste,320080,Baixo Guandu
Espírito Santo,ES,Sudeste,320090,Barra de São Francisco
Espírito Santo,ES,Sudeste,320100,Boa Esperança
Espírito Santo,ES,Sudeste,320110,Bom Jesus do Norte
Espírito Santo,ES,Sudeste,320115,Brejetuba
Espírito Santo,ES,Sudeste,320120,Cachoeiro de Itapemirim
Espírito Santo,ES,Sudeste,320130,Cariacica
Espírito Santo,ES,Sudeste,320140,Castelo
Espírito Santo,ES,Sudeste,320150,Colatina
Espírito Santo,ES,Sudeste,320160,Conceição da Barra
Espírito Santo,ES,Sudeste,320170,Conceição do Castelo
Espírito Santo,ES,Sudeste,320180,Divino de São Lourenço
Espírito Santo,ES,Sudeste,320190,Domingos Martins
Espírito Santo,ES,Sudeste,320200,Dores do Rio Preto
Espírito Santo,ES,Sudeste,320210,Ecoporanga
Espírito Santo,ES,Sudeste,320220,Fundão
Espírito Santo,ES,Sudeste,320225,Governador Lindenberg
Espírito Santo,ES,Sudeste,320230,Guaçuí
Espírito Santo,ES,Sudeste,320240,Guarapari
Espírito Santo,ES,Sudeste,320245,Ibatiba
Espírito Santo,ES,Sudeste,320250,Ibiraçu
Espírito Santo,ES,Sudeste,320255,Ibitirama
Espírito Santo,ES,Sudeste,320260,Iconha
Espírito Santo,ES,Sudeste,320265,Irupi
Espírito Santo,ES,Sudeste,320270,Itaguaçu
Espírito Santo,ES,Sudeste,320280,Itapemirim
Espírito Santo,ES,Sudeste,320290,Itarana
Espírito Santo,ES,Sudeste,320300,Iúna
Espírito Santo,ES,Sudeste,320305,Jaguaré
Espírito Santo,ES,Sudeste,320310,Jerônimo Monteiro
Espírito Santo,ES,Sudeste,320313,João Neiva
Espírito Santo,ES,Sudeste,320316,Laranja da Terra
Espírito Santo,ES,Sudeste,320320,Linhares
Espírito Santo,ES,Sudeste,320330,Mantenópolis
Espírito Santo,ES,Sudeste,320332,Marataízes
Espírito Santo,ES,Sudeste,320334,Marechal Floriano
Espírito Santo,ES,Sudeste,320335,Marilândia
Espírito Santo,ES,Sudeste,320340,Mimoso do Sul
Espírito Santo,ES,Sudeste,320350,Montanha
Espírito Santo,ES,Sudeste,320360,Mucurici
Espírito Santo,ES,Sudeste,320370,Muniz Freire
Espírito Santo,ES,Sudeste,320380,Muqui
Espírito Santo,ES,Sudeste,320390,Nova Venécia
Espírito Santo,ES,Sudeste,320400,Pancas
Espírito Santo,ES,Sudeste,320405,Pedro Canário
Espírito Santo,ES,Sudeste,320410,Pinheiros
Espírito Santo,ES,Sudeste,320420,Piúma
Espírito Santo,ES,Sudeste,320425,Ponto Belo
Espírito Santo,ES,Sudeste,320430,Presidente Kennedy
Espírito Santo,ES,Sudeste,320435,Rio Bananal
Espírito Santo,ES,Sudeste,320440,Rio Novo do Sul
Espírito Santo,ES,Sudeste,320450,Santa Leopoldina
Espírito Santo,ES,Sudeste,320455,Santa Maria de Jetibá
Espírito Santo,ES,Sudeste,320460,Santa Teresa
Espírito Santo,ES,Sudeste,320465,São Domingos do Norte
Espírito Santo,ES,Sudeste,320470,São Gabriel da Palha
Espírito Santo,ES,Sudeste,320480,São José do Calçado
Espírito Santo,ES,Sudeste,320490,São Mateus
Espírito Santo,ES,Sudeste,320495,São Roque do Canaã
Espírito Santo,ES,Sudeste,320500,Serra
Espírito Santo,ES,Sudeste,320501,Sooretama
Espírito Santo,ES,Sudeste,320503,Vargem Alta
Espírito Santo,ES,Sudeste,320506,Venda Nova do Imigrante
Espírito Santo,ES,Sudeste,320510,Viana
Espírito Santo,ES,Sudeste,320515,Vila Pavão
Espírito Santo,ES,Sudeste,320517,Vila Valério
Espírito Santo,ES,Sudeste,320520,Vila Velha
Espírito Santo,ES,Sudeste,320530,Vitória
Rio de Janeiro,RJ,Sudeste,330010,Angra dos Reis
Rio de Janeiro,RJ,Sudeste,330015,Aperibé
Rio de Janeiro,RJ,Sudeste,330020,Araruama
Rio de Janeiro,RJ,Sudeste,330022,Areal
Rio de Janeiro,RJ,Sudeste,330023,Armação dos Búzios
Rio de Janeiro,RJ,Sudeste,330025,Arraial do Cabo
Rio de Janeiro,RJ,Sudeste,330030,Barra do Piraí
Rio de Janeiro,RJ,Sudeste,330040,Barra Mansa
Rio de Janeiro,RJ,Sudeste,330045,Belford Roxo
Rio de Janeiro,RJ,Sudeste,330050,Bom Jardim
Rio de Janeiro,RJ,Sudeste,330060,Bom Jesus do Itabapoana
Rio de Janeiro,RJ,Sudeste,330070,Cabo Frio
Rio de Janeiro,RJ,Sudeste,330080,Cachoeiras de Macacu
Rio de Janeiro,RJ,Sudeste,330090,Cambuci
Rio de Janeiro,RJ,Sudeste,330100,Campos dos Goytacazes
Rio de Janeiro,RJ,Sudeste,330110,Cantagalo
Rio de Janeiro,RJ,Sudeste,330093,Carapebus
Rio de Janeiro,RJ,Sudeste,330115,Cardoso Moreira
Rio de Janeiro,RJ,Sudeste,330120,Carmo
Rio de Janeiro,RJ,Sudeste,330130,Casimiro de Abreu
Rio de Janeiro,RJ,Sudeste,330095,Comendador Levy Gasparian
Rio de Janeiro,RJ,Sudeste,330140,Conceição de Macabu
Rio de Janeiro,RJ,Sudeste,330150,Cordeiro
Rio de Janeiro,RJ,Sudeste,330160,Duas Barras
Rio de Janeiro,RJ,Sudeste,330170,Duque de Caxias
Rio de Janeiro,RJ,Sudeste,330180,Engenheiro Paulo de Frontin
Rio de Janeiro,RJ,Sudeste,330185,Guapimirim
Rio de Janeiro,RJ,Sudeste,330187,Iguaba Grande
Rio de Janeiro,RJ,Sudeste,330190,Itaboraí
Rio de Janeiro,RJ,Sudeste,330200,Itaguaí
Rio de Janeiro,RJ,Sudeste,330205,Italva
Rio de Janeiro,RJ,Sudeste,330210,Itaocara
Rio de Janeiro,RJ,Sudeste,330220,Itaperuna
Rio de Janeiro,RJ,Sudeste,330225,Itatiaia
Rio de Janeiro,RJ,Sudeste,330227,Japeri
Rio de Janeiro,RJ,Sudeste,330230,Laje do Muriaé
Rio de Janeiro,RJ,Sudeste,330240,Macaé
Rio de Janeiro,RJ,Sudeste,330245,Macuco
Rio de Janeiro,RJ,Sudeste,330250,Magé
Rio de Janeiro,RJ,Sudeste,330260,Mangaratiba
Rio de Janeiro,RJ,Sudeste,330270,Maricá
Rio de Janeiro,RJ,Sudeste,330280,Mendes
Rio de Janeiro,RJ,Sudeste,330285,Mesquita
Rio de Janeiro,RJ,Sudeste,330290,Miguel Pereira
Rio de Janeiro,RJ,Sudeste,330300,Miracema
Rio de Janeiro,RJ,Sudeste,330310,Natividade
Rio de Janeiro,RJ,Sudeste,330320,Nilópolis
Rio de Janeiro,RJ,Sudeste,330330,Niterói
Rio de Janeiro,RJ,Sudeste,330340,Nova Friburgo
Rio de Janeiro,RJ,Sudeste,330350,Nova Iguaçu
Rio de Janeiro,RJ,Sudeste,330360,Paracambi
Rio de Janeiro,RJ,Sudeste,330370,Paraíba do Sul
Rio de Janeiro,RJ,Sudeste,330380,Paraty
Rio de Janeiro,RJ,Sudeste,330385,Paty do Alferes
Rio de Janeiro,RJ,Sudeste,330390,Petrópolis
Rio de Janeiro,RJ,Sudeste,330395,Pinheiral
Rio de Janeiro,RJ,Sudeste,330400,Piraí
Rio de Janeiro,RJ,Sudeste,330410,Porciúncula
Rio de Janeiro,RJ,Sudeste,330411,Porto Real
Rio de Janeiro,RJ,Sudeste,330412,Quatis
Rio de Janeiro,RJ,Sudeste,330414,Queimados
Rio de Janeiro,RJ,Sudeste,330415,Quissamã
Rio de Janeiro,RJ,Sudeste,330420,Resende
Rio de Janeiro,RJ,Sudeste,330430,Rio Bonito
Rio de Janeiro,RJ,Sudeste,330440,Rio Claro
Rio de Janeiro,RJ,Sudeste,330450,Rio das Flores
Rio de Janeiro,RJ,Sudeste,330452,Rio das Ostras
Rio de Janeiro,RJ,Sudeste,330455,Rio de Janeiro
Rio de Janeiro,RJ,Sudeste,330460,Santa Maria Madalena
Rio de Janeiro,RJ,Sudeste,330470,Santo Antônio de Pádua
Rio de Janeiro,RJ,Sudeste,330480,São Fidélis
Rio de Janeiro,RJ,Sudeste,330475,São Francisco de Itabapoana
Rio de Janeiro,RJ,Sudeste,330490,São Gonçalo
Rio de Janeiro,RJ,Sudeste,330500,São João da Barra
Rio de Janeiro,RJ,Sudeste,330510,São João de Meriti
Rio de Janeiro,RJ,Sudeste,330513,São José de Ubá
Rio de Janeiro,RJ,Sudeste,330515,São José do Vale do Rio Preto
Rio de Janeiro,RJ,Sudeste,330520,São Pedro da Aldeia
Rio de Janeiro,RJ,Sudeste,330530,São Sebastião do Alto
Rio de Janeiro,RJ,Sudeste,330540,Sapucaia
Rio de Janeiro,RJ,Sudeste,330550,Saquarema
Rio de Janeiro,RJ,Sudeste,330555,Seropédica
Rio de Janeiro,RJ,Sudeste,330560,Silva Jardim
Rio de Janeiro,RJ,Sudeste,330570,Sumidouro
Rio de Janeiro,RJ,Sudeste,330575,Tanguá
Rio de Janeiro,RJ,Sudeste,330580,Teresópolis
Rio de Janeiro,RJ,Sudeste,330590,Trajano de Moraes
Rio de Janeiro,RJ,Sudeste,330600,Três Rios
Rio de Janeiro,RJ,Sudeste,330610,Valença
Rio de Janeiro,RJ,Sudeste,330615,Varre-Sai
Rio de Janeiro,RJ,Sudeste,330620,Vassouras
Rio de Janeiro,RJ,Sudeste,330630,Volta Redonda
Paraná,PR,Sul,410010,Abatiá
Paraná,PR,Sul,410020,Adrianópolis
Paraná,PR,Sul,410030,Agudos do Sul
Paraná,PR,Sul,410040,Almirante Tamandaré
Paraná,PR,Sul,410045,Altamira do Paraná
Paraná,PR,Sul,412862,Alto Paraíso
Paraná,PR,Sul,410060,Alto Paraná
Paraná,PR,Sul,410070,Alto Piquiri
Paraná,PR,Sul,410050,Altônia
Paraná,PR,Sul,410080,Alvorada do Sul
Paraná,PR,Sul,410090,Amaporã
Paraná,PR,Sul,410100,Ampére
Paraná,PR,Sul,410105,Anahy
Paraná,PR,Sul,410110,Andirá
Paraná,PR,Sul,410115,Ângulo
Paraná,PR,Sul,410120,Antonina
Paraná,PR,Sul,410130,Antônio Olinto
Paraná,PR,Sul,410140,Apucarana
Paraná,PR,Sul,410150,Arapongas
Paraná,PR,Sul,410160,Arapoti
Paraná,PR,Sul,410165,Arapuã
Paraná,PR,Sul,410170,Araruna
Paraná,PR,Sul,410180,Araucária
Paraná,PR,Sul,410185,Ariranha do Ivaí
Paraná,PR,Sul,410190,Assaí
Paraná,PR,Sul,410200,Assis Chateaubriand
Paraná,PR,Sul,410210,Astorga
Paraná,PR,Sul,410220,Atalaia
Paraná,PR,Sul,410230,Balsa Nova
Paraná,PR,Sul,410240,Bandeirantes
Paraná,PR,Sul,410250,Barbosa Ferraz
Paraná,PR,Sul,410270,Barra do Jacaré
Paraná,PR,Sul,410260,Barracão
Paraná,PR,Sul,410275,Bela Vista da Caroba
Paraná,PR,Sul,410280,Bela Vista do Paraíso
Paraná,PR,Sul,410290,Bituruna
Paraná,PR,Sul,410300,Boa Esperança
Paraná,PR,Sul,410302,Boa Esperança do Iguaçu
Paraná,PR,Sul,410304,Boa Ventura de São Roque
Paraná,PR,Sul,410305,Boa Vista da Aparecida
Paraná,PR,Sul,410310,Bocaiúva do Sul
Paraná,PR,Sul,410315,Bom Jesus do Sul
Paraná,PR,Sul,410320,Bom Sucesso
Paraná,PR,Sul,410322,Bom Sucesso do Sul
Paraná,PR,Sul,410330,Borrazópolis
Paraná,PR,Sul,410335,Braganey
Paraná,PR,Sul,410337,Brasilândia do Sul
Paraná,PR,Sul,410340,Cafeara
Paraná,PR,Sul,410345,Cafelândia
Paraná,PR,Sul,410347,Cafezal do Sul
Paraná,PR,Sul,410350,Califórnia
Paraná,PR,Sul,410360,Cambará
Paraná,PR,Sul,410370,Cambé
Paraná,PR,Sul,410380,Cambira
Paraná,PR,Sul,410390,Campina da Lagoa
Paraná,PR,Sul,410395,Campina do Simão
Paraná,PR,Sul,410400,Campina Grande do Sul
Paraná,PR,Sul,410405,Campo Bonito
Paraná,PR,Sul,410410,Campo do Tenente
Paraná,PR,Sul,410420,Campo Largo
Paraná,PR,Sul,410425,Campo Magro
Paraná,PR,Sul,410430,Campo Mourão
Paraná,PR,Sul,410440,Cândido de Abreu
Paraná,PR,Sul,410442,Candói
Paraná,PR,Sul,410445,Cantagalo
Paraná,PR,Sul,410450,Capanema
Paraná,PR,Sul,410460,Capitão Leônidas Marques
Paraná,PR,Sul,410465,Carambeí
Paraná,PR,Sul,410470,Carlópolis
Paraná,PR,Sul,410480,Cascavel
Paraná,PR,Sul,410490,Castro
Paraná,PR,Sul,410500,Catanduvas
Paraná,PR,Sul,410510,Centenário do Sul
Paraná,PR,Sul,410520,Cerro Azul
Paraná,PR,Sul,410530,Céu Azul
Paraná,PR,Sul,410540,Chopinzinho
Paraná,PR,Sul,410550,Cianorte
Paraná,PR,Sul,410560,Cidade Gaúcha
Paraná,PR,Sul,410570,Clevelândia
Paraná,PR,Sul,410580,Colombo
Paraná,PR,Sul,410590,Colorado
Paraná,PR,Sul,410600,Congonhinhas
Paraná,PR,Sul,410610,Conselheiro Mairinck
Paraná,PR,Sul,410620,Contenda
Paraná,PR,Sul,410630,Corbélia
Paraná,PR,Sul,410640,Cornélio Procópio
Paraná,PR,Sul,410645,Coronel Domingos Soares
Paraná,PR,Sul,410650,Coronel Vivida
Paraná,PR,Sul,410655,Corumbataí do Sul
Paraná,PR,Sul,410680,Cruz Machado
Paraná,PR,Sul,410657,Cruzeiro do Iguaçu
Paraná,PR,Sul,410660,Cruzeiro do Oeste
Paraná,PR,Sul,410670,Cruzeiro do Sul
Paraná,PR,Sul,410685,Cruzmaltina
Paraná,PR,Sul,410690,Curitiba
Paraná,PR,Sul,410700,Curiúva
Paraná,PR,Sul,410710,Diamante do Norte
Paraná,PR,Sul,410712,Diamante do Sul
Paraná,PR,Sul,410715,Diamante D'Oeste
Paraná,PR,Sul,410720,Dois Vizinhos
Paraná,PR,Sul,410725,Douradina
Paraná,PR,Sul,410730,Doutor Camargo
Paraná,PR,Sul,412863,Doutor Ulysses
Paraná,PR,Sul,410740,Enéas Marques
Paraná,PR,Sul,410750,Engenheiro Beltrão
Paraná,PR,Sul,410753,Entre Rios do Oeste
Paraná,PR,Sul,410752,Esperança Nova
Paraná,PR,Sul,410754,Espigão Alto do Iguaçu
Paraná,PR,Sul,410755,Farol
Paraná,PR,Sul,410760,Faxinal
Paraná,PR,Sul,410765,Fazenda Rio Grande
Paraná,PR,Sul,410770,Fênix
Paraná,PR,Sul,410773,Fernandes Pinheiro
Paraná,PR,Sul,410775,Figueira
Paraná,PR,Sul,410785,Flor da Serra do Sul
Paraná,PR,Sul,410780,Floraí
Paraná,PR,Sul,410790,Floresta
Paraná,PR,Sul,410800,Florestópolis
Paraná,PR,Sul,410810,Flórida
Paraná,PR,Sul,410820,Formosa do Oeste
Paraná,PR,Sul,410830,Foz do Iguaçu
Paraná,PR,Sul,410845,Foz do Jordão
Paraná,PR,Sul,410832,Francisco Alves
Paraná,PR,Sul,410840,Francisco Beltrão
Paraná,PR,Sul,410850,General Carneiro
Paraná,PR,Sul,410855,Godoy Moreira
Paraná,PR,Sul,410860,Goioerê
Paraná,PR,Sul,410865,Goioxim
Paraná,PR,Sul,410870,Grandes Rios
Paraná,PR,Sul,410880,Guaíra
Paraná,PR,Sul,410890,Guairaçá
Paraná,PR,Sul,410895,Guamiranga
Paraná,PR,Sul,410900,Guapirama
Paraná,PR,Sul,410910,Guaporema
Paraná,PR,Sul,410920,Guaraci
Paraná,PR,Sul,410930,Guaraniaçu
Paraná,PR,Sul,410940,Guarapuava
Paraná,PR,Sul,410950,Guaraqueçaba
Paraná,PR,Sul,410960,Guaratuba
Paraná,PR,Sul,410965,Honório Serpa
Paraná,PR,Sul,410970,Ibaiti
Paraná,PR,Sul,410975,Ibema
Paraná,PR,Sul,410980,Ibiporã
Paraná,PR,Sul,410990,Icaraíma
Paraná,PR,Sul,411000,Iguaraçu
Paraná,PR,Sul,411005,Iguatu
Paraná,PR,Sul,411007,Imbaú
Paraná,PR,Sul,411010,Imbituva
Paraná,PR,Sul,411020,Inácio Martins
Paraná,PR,Sul,411030,Inajá
Paraná,PR,Sul,411040,Indianópolis
Paraná,PR,Sul,411050,Ipiranga
Paraná,PR,Sul,411060,Iporã
Paraná,PR,Sul,411065,Iracema do Oeste
Paraná,PR,Sul,411070,Irati
Paraná,PR,Sul,411080,Iretama
Paraná,PR,Sul,411090,Itaguajé
Paraná,PR,Sul,411095,Itaipulândia
Paraná,PR,Sul,411100,Itambaracá
Paraná,PR,Sul,411110,Itambé
Paraná,PR,Sul,411120,Itapejara d'Oeste
Paraná,PR,Sul,411125,Itaperuçu
Paraná,PR,Sul,411130,Itaúna do Sul
Paraná,PR,Sul,411140,Ivaí
Paraná,PR,Sul,411150,Ivaiporã
Paraná,PR,Sul,411155,Ivaté
Paraná,PR,Sul,411160,Ivatuba
Paraná,PR,Sul,411170,Jaboti
Paraná,PR,Sul,411180,Jacarezinho
Paraná,PR,Sul,411190,Jaguapitã
Paraná,PR,Sul,411200,Jaguariaíva
Paraná,PR,Sul,411210,Jandaia do Sul
Paraná,PR,Sul,411220,Janiópolis
Paraná,PR,Sul,411230,Japira
Paraná,PR,Sul,411240,Japurá
Paraná,PR,Sul,411250,Jardim Alegre
Paraná,PR,Sul,411260,Jardim Olinda
Paraná,PR,Sul,411270,Jataizinho
Paraná,PR,Sul,411275,Jesuítas
Paraná,PR,Sul,411280,Joaquim Távora
Paraná,PR,Sul,411290,Jundiaí do Sul
Paraná,PR,Sul,411295,Juranda
Paraná,PR,Sul,411300,Jussara
Paraná,PR,Sul,411310,Kaloré
Paraná,PR,Sul,411320,Lapa
Paraná,PR,Sul,411325,Laranjal
Paraná,PR,Sul,411330,Laranjeiras do Sul
Paraná,PR,Sul,411340,Leópolis
Paraná,PR,Sul,411342,Lidianópolis
Paraná,PR,Sul,411345,Lindoeste
Paraná,PR,Sul,411350,Loanda
Paraná,PR,Sul,411360,Lobato
Paraná,PR,Sul,411370,Londrina
Paraná,PR,Sul,411373,Luiziana
Paraná,PR,Sul,411375,Lunardelli
Paraná,PR,Sul,411380,Lupionópolis
Paraná,PR,Sul,411390,Mallet
Paraná,PR,Sul,411400,Mamborê
Paraná,PR,Sul,411410,Mandaguaçu
Paraná,PR,Sul,411420,Mandaguari
Paraná,PR,Sul,411430,Mandirituba
Paraná,PR,Sul,411435,Manfrinópolis
Paraná,PR,Sul,411440,Mangueirinha
Paraná,PR,Sul,411450,Manoel Ribas
Paraná,PR,Sul,411460,Marechal Cândido Rondon
Paraná,PR,Sul,411470,Maria Helena
Paraná,PR,Sul,411480,Marialva
Paraná,PR,Sul,411490,Marilândia do Sul
Paraná,PR,Sul,411500,Marilena
Paraná,PR,Sul,411510,Mariluz
Paraná,PR,Sul,411520,Maringá
Paraná,PR,Sul,411530,Mariópolis
Paraná,PR,Sul,411535,Maripá
Paraná,PR,Sul,411540,Marmeleiro
Paraná,PR,Sul,411545,Marquinho
Paraná,PR,Sul,411550,Marumbi
Paraná,PR,Sul,411560,Matelândia
Paraná,PR,Sul,411570,Matinhos
Paraná,PR,Sul,411573,Mato Rico
Paraná,PR,Sul,411575,Mauá da Serra
Paraná,PR,Sul,411580,Medianeira
Paraná,PR,Sul,411585,Mercedes
Paraná,PR,Sul,411590,Mirador
Paraná,PR,Sul,411600,Miraselva
Paraná,PR,Sul,411605,Missal
Paraná,PR,Sul,411610,Moreira Sales
Paraná,PR,Sul,411620,Morretes
Paraná,PR,Sul,411630,Munhoz de Melo
Paraná,PR,Sul,411640,Nossa Senhora das Graças
Paraná,PR,Sul,411650,Nova Aliança do Ivaí
Paraná,PR,Sul,411660,Nova América da Colina
Paraná,PR,Sul,411670,Nova Aurora
Paraná,PR,Sul,411680,Nova Cantu
Paraná,PR,Sul,411690,Nova Esperança
Paraná,PR,Sul,411695,Nova Esperança do Sudoeste
Paraná,PR,Sul,411700,Nova Fátima
Paraná,PR,Sul,411705,Nova Laranjeiras
Paraná,PR,Sul,411710,Nova Londrina
Paraná,PR,Sul,411720,Nova Olímpia
Paraná,PR,Sul,411725,Nova Prata do Iguaçu
Paraná,PR,Sul,411721,Nova Santa Bárbara
Paraná,PR,Sul,411722,Nova Santa Rosa
Paraná,PR,Sul,411727,Nova Tebas
Paraná,PR,Sul,411729,Novo Itacolomi
Paraná,PR,Sul,411730,Ortigueira
Paraná,PR,Sul,411740,Ourizona
Paraná,PR,Sul,411745,Ouro Verde do Oeste
Paraná,PR,Sul,411750,Paiçandu
Paraná,PR,Sul,411760,Palmas
Paraná,PR,Sul,411770,Palmeira
Paraná,PR,Sul,411780,Palmital
Paraná,PR,Sul,411790,Palotina
Paraná,PR,Sul,411800,Paraíso do Norte
Paraná,PR,Sul,411810,Paranacity
Paraná,PR,Sul,411820,Paranaguá
Paraná,PR,Sul,411830,Paranapoema
Paraná,PR,Sul,411840,Paranavaí
Paraná,PR,Sul,411845,Pato Bragado
Paraná,PR,Sul,411850,Pato Branco
Paraná,PR,Sul,411860,Paula Freitas
Paraná,PR,Sul,411870,Paulo Frontin
Paraná,PR,Sul,411880,Peabiru
Paraná,PR,Sul,411885,Perobal
Paraná,PR,Sul,411890,Pérola
Paraná,PR,Sul,411900,Pérola d'Oeste
Paraná,PR,Sul,411910,Piên
Paraná,PR,Sul,411915,Pinhais
Paraná,PR,Sul,411925,Pinhal de São Bento
Paraná,PR,Sul,411920,Pinhalão
Paraná,PR,Sul,411930,Pinhão
Paraná,PR,Sul,411940,Piraí do Sul
Paraná,PR,Sul,411950,Piraquara
Paraná,PR,Sul,411960,Pitanga
Paraná,PR,Sul,411965,Pitangueiras
Paraná,PR,Sul,411970,Planaltina do Paraná
Paraná,PR,Sul,411980,Planalto
Paraná,PR,Sul,411990,Ponta Grossa
Paraná,PR,Sul,411995,Pontal do Paraná
Paraná,PR,Sul,412000,Porecatu
Paraná,PR,Sul,412010,Porto Amazonas
Paraná,PR,Sul,412015,Porto Barreiro
Paraná,PR,Sul,412020,Porto Rico
Paraná,PR,Sul,412030,Porto Vitória
Paraná,PR,Sul,412033,Prado Ferreira
Paraná,PR,Sul,412035,Pranchita
Paraná,PR,Sul,412040,Presidente Castelo Branco
Paraná,PR,Sul,412050,Primeiro de Maio
Paraná,PR,Sul,412060,Prudentópolis
Paraná,PR,Sul,412065,Quarto Centenário
Paraná,PR,Sul,412070,Quatiguá
Paraná,PR,Sul,412080,Quatro Barras
Paraná,PR,Sul,412085,Quatro Pontes
Paraná,PR,Sul,412090,Quedas do Iguaçu
Paraná,PR,Sul,412100,Querência do Norte
Paraná,PR,Sul,412110,Quinta do Sol
Paraná,PR,Sul,412120,Quitandinha
Paraná,PR,Sul,412125,Ramilândia
Paraná,PR,Sul,412130,Rancho Alegre
Paraná,PR,Sul,412135,Rancho Alegre D'Oeste
Paraná,PR,Sul,412140,Realeza
Paraná,PR,Sul,412150,Rebouças
Paraná,PR,Sul,412160,Renascença
Paraná,PR,Sul,412170,Reserva
Paraná,PR,Sul,412175,Reserva do Iguaçu
Paraná,PR,Sul,412180,Ribeirão Claro
Paraná,PR,Sul,412190,Ribeirão do Pinhal
Paraná,PR,Sul,412200,Rio Azul
Paraná,PR,Sul,412210,Rio Bom
Paraná,PR,Sul,412215,Rio Bonito do Iguaçu
Paraná,PR,Sul,412217,Rio Branco do Ivaí
Paraná,PR,Sul,412220,Rio Branco do Sul
Paraná,PR,Sul,412230,Rio Negro
Paraná,PR,Sul,412240,Rolândia
Paraná,PR,Sul,412250,Roncador
Paraná,PR,Sul,412260,Rondon
Paraná,PR,Sul,412265,Rosário do Ivaí
Paraná,PR,Sul,412270,Sabáudia
Paraná,PR,Sul,412280,Salgado Filho
Paraná,PR,Sul,412290,Salto do Itararé
Paraná,PR,Sul,412300,Salto do Lontra
Paraná,PR,Sul,412310,Santa Amélia
Paraná,PR,Sul,412320,Santa Cecília do Pavão
Paraná,PR,Sul,412330,Santa Cruz de Monte Castelo
Paraná,PR,Sul,412340,Santa Fé
Paraná,PR,Sul,412350,Santa Helena
Paraná,PR,Sul,412360,Santa Inês
Paraná,PR,Sul,412370,Santa Isabel do Ivaí
Paraná,PR,Sul,412380,Santa Izabel do Oeste
Paraná,PR,Sul,412382,Santa Lúcia
Paraná,PR,Sul,412385,Santa Maria do Oeste
Paraná,PR,Sul,412390,Santa Mariana
Paraná,PR,Sul,412395,Santa Mônica
Paraná,PR,Sul,412402,Santa Tereza do Oeste
Paraná,PR,Sul,412405,Santa Terezinha de Itaipu
Paraná,PR,Sul,412400,Santana do Itararé
Paraná,PR,Sul,412410,Santo Antônio da Platina
Paraná,PR,Sul,412420,Santo Antônio do Caiuá
Paraná,PR,Sul,412430,Santo Antônio do Paraíso
Paraná,PR,Sul,412440,Santo Antônio do Sudoeste
Paraná,PR,Sul,412450,Santo Inácio
Paraná,PR,Sul,412460,São Carlos do Ivaí
Paraná,PR,Sul,412470,São Jerônimo da Serra
Paraná,PR,Sul,412480,São João
Paraná,PR,Sul,412490,São João do Caiuá
Paraná,PR,Sul,412500,São João do Ivaí
Paraná,PR,Sul,412510,São João do Triunfo
Paraná,PR,Sul,412530,São Jorge do Ivaí
Paraná,PR,Sul,412535,São Jorge do Patrocínio
Paraná,PR,Sul,412520,São Jorge d'Oeste
Paraná,PR,Sul,412540,São José da Boa Vista
Paraná,PR,Sul,412545,São José das Palmeiras
Paraná,PR,Sul,412550,São José dos Pinhais
Paraná,PR,Sul,412555,São Manoel do Paraná
Paraná,PR,Sul,412560,São Mateus do Sul
Paraná,PR,Sul,412570,São Miguel do Iguaçu
Paraná,PR,Sul,412575,São Pedro do Iguaçu
Paraná,PR,Sul,412580,São Pedro do Ivaí
Paraná,PR,Sul,412590,São Pedro do Paraná
Paraná,PR,Sul,412600,São Sebastião da Amoreira
Paraná,PR,Sul,412610,São Tomé
Paraná,PR,Sul,412620,Sapopema
Paraná,PR,Sul,412625,Sarandi
Paraná,PR,Sul,412627,Saudade do Iguaçu
Paraná,PR,Sul,412630,Sengés
Paraná,PR,Sul,412635,Serranópolis do Iguaçu
Paraná,PR,Sul,412640,Sertaneja
Paraná,PR,Sul,412650,Sertanópolis
Paraná,PR,Sul,412660,Siqueira Campos
Paraná,PR,Sul,412665,Sulina
Paraná,PR,Sul,412667,Tamarana
Paraná,PR,Sul,412670,Tamboara
Paraná,PR,Sul,412680,Tapejara
Paraná,PR,Sul,412690,Tapira
Paraná,PR,Sul,412700,Teixeira Soares
Paraná,PR,Sul,412710,Telêmaco Borba
Paraná,PR,Sul,412720,Terra Boa
Paraná,PR,Sul,412730,Terra Rica
Paraná,PR,Sul,412740,Terra Roxa
Paraná,PR,Sul,412750,Tibagi
Paraná,PR,Sul,412760,Tijucas do Sul
Paraná,PR,Sul,412770,Toledo
Paraná,PR,Sul,412780,Tomazina
Paraná,PR,Sul,412785,Três Barras do Paraná
Paraná,PR,Sul,412788,Tunas do Paraná
Paraná,PR,Sul,412790,Tuneiras do Oeste
Paraná,PR,Sul,412795,Tupãssi
Paraná,PR,Sul,412796,Turvo
Paraná,PR,Sul,412800,Ubiratã
Paraná,PR,Sul,412810,Umuarama
Paraná,PR,Sul,412820,União da Vitória
Paraná,PR,Sul,412830,Uniflor
Paraná,PR,Sul,412840,Uraí
Paraná,PR,Sul,412853,Ventania
Paraná,PR,Sul,412855,Vera Cruz do Oeste
Paraná,PR,Sul,412860,Verê
Paraná,PR,Sul,412865,Virmond
Paraná,PR,Sul,412870,Vitorino
Paraná,PR,Sul,412850,Wenceslau Braz
Paraná,PR,Sul,412880,Xambrê
Santa Catarina,SC,Sul,420005,Abdon Batista
Santa Catarina,SC,Sul,420010,Abelardo Luz
Santa Catarina,SC,Sul,420020,Agrolândia
Santa Catarina,SC,Sul,420030,Agronômica
Santa Catarina,SC,Sul,420040,Água Doce
Santa Catarina,SC,Sul,420050,Águas de Chapecó
Santa Catarina,SC,Sul,420055,Águas Frias
Santa Catarina,SC,Sul,420060,Águas Mornas
Santa Catarina,SC,Sul,420070,Alfredo Wagner
Santa Catarina,SC,Sul,420075,Alto Bela Vista
Santa Catarina,SC,Sul,420080,Anchieta
Santa Catarina,SC,Sul,420090,Angelina
Santa Catarina,SC,Sul,420100,Anita Garibaldi
Santa Catarina,SC,Sul,420110,Anitápolis
Santa Catarina,SC,Sul,420120,Antônio Carlos
Santa Catarina,SC,Sul,420125,Apiúna
Santa Catarina,SC,Sul,420127,Arabutã
Santa Catarina,SC,Sul,420130,Araquari
Santa Catarina,SC,Sul,420140,Araranguá
Santa Catarina,SC,Sul,420150,Armazém
Santa Catarina,SC,Sul,420160,Arroio Trinta
Santa Catarina,SC,Sul,420165,Arvoredo
Santa Catarina,SC,Sul,420170,Ascurra
Santa Catarina,SC,Sul,420180,Atalanta
Santa Catarina,SC,Sul,420190,Aurora
Santa Catarina,SC,Sul,420195,Balneário Arroio do Silva
Santa Catarina,SC,Sul,420205,Balneário Barra do Sul
Santa Catarina,SC,Sul,420200,Balneário Camboriú
Santa Catarina,SC,Sul,420207,Balneário Gaivota
Santa Catarina,SC,Sul,421280,Balneário Piçarras
Santa Catarina,SC,Sul,422000,Balneário Rincão
Santa Catarina,SC,Sul,420208,Bandeirante
Santa Catarina,SC,Sul,420209,Barra Bonita
Santa Catarina,SC,Sul,420210,Barra Velha
Santa Catarina,SC,Sul,420213,Bela Vista do Toldo
Santa Catarina,SC,Sul,420215,Belmonte
Santa Catarina,SC,Sul,420220,Benedito Novo
Santa Catarina,SC,Sul,420230,Biguaçu
Santa Catarina,SC,Sul,420240,Blumenau
Santa Catarina,SC,Sul,420243,Bocaina do Sul
Santa Catarina,SC,Sul,420250,Bom Jardim da Serra
Santa Catarina,SC,Sul,420253,Bom Jesus
Santa Catarina,SC,Sul,420257,Bom Jesus do Oeste
Santa Catarina,SC,Sul,420260,Bom Retiro
Santa Catarina,SC,Sul,420245,Bombinhas
Santa Catarina,SC,Sul,420270,Botuverá
Santa Catarina,SC,Sul,420280,Braço do Norte
Santa Catarina,SC,Sul,420285,Braço do Trombudo
Santa Catarina,SC,Sul,420287,Brunópolis
Santa Catarina,SC,Sul,420290,Brusque
Santa Catarina,SC,Sul,420300,Caçador
Santa Catarina,SC,Sul,420310,Caibi
Santa Catarina,SC,Sul,420315,Calmon
Santa Catarina,SC,Sul,420320,Camboriú
Santa Catarina,SC,Sul,420330,Campo Alegre
Santa Catarina,SC,Sul,420340,Campo Belo do Sul
Santa Catarina,SC,Sul,420350,Campo Erê
Santa Catarina,SC,Sul,420360,Campos Novos
Santa Catarina,SC,Sul,420370,Canelinha
Santa Catarina,SC,Sul,420380,Canoinhas
Santa Catarina,SC,Sul,420325,Capão Alto
Santa Catarina,SC,Sul,420390,Capinzal
Santa Catarina,SC,Sul,420395,Capivari de Baixo
Santa Catarina,SC,Sul,420400,Catanduvas
Santa Catarina,SC,Sul,420410,Caxambu do Sul
Santa Catarina,SC,Sul,420415,Celso Ramos
Santa Catarina,SC,Sul,420417,Cerro Negro
Santa Catarina,SC,Sul,420419,Chapadão do Lageado
Santa Catarina,SC,Sul,420420,Chapecó
Santa Catarina,SC,Sul,420425,Cocal do Sul
Santa Catarina,SC,Sul,420430,Concórdia
Santa Catarina,SC,Sul,420435,Cordilheira Alta
Santa Catarina,SC,Sul,420440,Coronel Freitas
Santa Catarina,SC,Sul,420445,Coronel Martins
Santa Catarina,SC,Sul,420455,Correia Pinto
Santa Catarina,SC,Sul,420450,Corupá
Santa Catarina,SC,Sul,420460,Criciúma
Santa Catarina,SC,Sul,420470,Cunha Porã
Santa Catarina,SC,Sul,420475,Cunhataí
Santa Catarina,SC,Sul,420480,Curitibanos
Santa Catarina,SC,Sul,420490,Descanso
Santa Catarina,SC,Sul,420500,Dionísio Cerqueira
Santa Catarina,SC,Sul,420510,Dona Emma
Santa Catarina,SC,Sul,420515,Doutor Pedrinho
Santa Catarina,SC,Sul,420517,Entre Rios
Santa Catarina,SC,Sul,420519,Ermo
Santa Catarina,SC,Sul,420520,Erval Velho
Santa Catarina,SC,Sul,420530,Faxinal dos Guedes
Santa Catarina,SC,Sul,420535,Flor do Sertão
Santa Catarina,SC,Sul,420540,Florianópolis
Santa Catarina,SC,Sul,420543,Formosa do Sul
Santa Catarina,SC,Sul,420545,Forquilhinha
Santa Catarina,SC,Sul,420550,Fraiburgo
Santa Catarina,SC,Sul,420555,Frei Rogério
Santa Catarina,SC,Sul,420560,Galvão
Santa Catarina,SC,Sul,420570,Garopaba
Santa Catarina,SC,Sul,420580,Garuva
Santa Catarina,SC,Sul,420590,Gaspar
Santa Catarina,SC,Sul,420600,Governador Celso Ramos
Santa Catarina,SC,Sul,420610,Grão-Pará
Santa Catarina,SC,Sul,420620,Gravatal
Santa Catarina,SC,Sul,420630,Guabiruba
Santa Catarina,SC,Sul,420640,Guaraciaba
Santa Catarina,SC,Sul,420650,Guaramirim
Santa Catarina,SC,Sul,420660,Guarujá do Sul
Santa Catarina,SC,Sul,420665,Guatambú
Santa Catarina,SC,Sul,420670,Herval d'Oeste
Santa Catarina,SC,Sul,420675,Ibiam
Santa Catarina,SC,Sul,420680,Ibicaré
Santa Catarina,SC,Sul,420690,Ibirama
Santa Catarina,SC,Sul,420700,Içara
Santa Catarina,SC,Sul,420710,Ilhota
Santa Catarina,SC,Sul,420720,Imaruí
Santa Catarina,SC,Sul,420730,Imbituba
Santa Catarina,SC,Sul,420740,Imbuia
Santa Catarina,SC,Sul,420750,Indaial
Santa Catarina,SC,Sul,420757,Iomerê
Santa Catarina,SC,Sul,420760,Ipira
Santa Catarina,SC,Sul,420765,Iporã do Oeste
Santa Catarina,SC,Sul,420768,Ipuaçu
Santa Catarina,SC,Sul,420770,Ipumirim
Santa Catarina,SC,Sul,420775,Iraceminha
Santa Catarina,SC,Sul,420780,Irani
Santa Catarina,SC,Sul,420785,Irati
Santa Catarina,SC,Sul,420790,Irineópolis
Santa Catarina,SC,Sul,420800,Itá
Santa Catarina,SC,Sul,420810,Itaiópolis
Santa Catarina,SC,Sul,420820,Itajaí
Santa Catarina,SC,Sul,420830,Itapema
Santa Catarina,SC,Sul,420840,Itapiranga
Santa Catarina,SC,Sul,420845,Itapoá
Santa Catarina,SC,Sul,420850,Ituporanga
Santa Catarina,SC,Sul,420860,Jaborá
Santa Catarina,SC,Sul,420870,Jacinto Machado
Santa Catarina,SC,Sul,420880,Jaguaruna
Santa Catarina,SC,Sul,420890,Jaraguá do Sul
Santa Catarina,SC,Sul,420895,Jardinópolis
Santa Catarina,SC,Sul,420900,Joaçaba
Santa Catarina,SC,Sul,420910,Joinville
Santa Catarina,SC,Sul,420915,José Boiteux
Santa Catarina,SC,Sul,420917,Jupiá
Santa Catarina,SC,Sul,420920,Lacerdópolis
Santa Catarina,SC,Sul,420930,Lages
Santa Catarina,SC,Sul,420940,Laguna
Santa Catarina,SC,Sul,420945,Lajeado Grande
Santa Catarina,SC,Sul,420950,Laurentino
Santa Catarina,SC,Sul,420960,Lauro Müller
Santa Catarina,SC,Sul,420970,Lebon Régis
Santa Catarina,SC,Sul,420980,Leoberto Leal
Santa Catarina,SC,Sul,420985,Lindóia do Sul
Santa Catarina,SC,Sul,420990,Lontras
Santa Catarina,SC,Sul,421000,Luiz Alves
Santa Catarina,SC,Sul,421003,Luzerna
Santa Catarina,SC,Sul,421005,Macieira
Santa Catarina,SC,Sul,421010,Mafra
Santa Catarina,SC,Sul,421020,Major Gercino
Santa Catarina,SC,Sul,421030,Major Vieira
Santa Catarina,SC,Sul,421040,Maracajá
Santa Catarina,SC,Sul,421050,Maravilha
Santa Catarina,SC,Sul,421055,Marema
Santa Catarina,SC,Sul,421060,Massaranduba
Santa Catarina,SC,Sul,421070,Matos Costa
Santa Catarina,SC,Sul,421080,Meleiro
Santa Catarina,SC,Sul,421085,Mirim Doce
Santa Catarina,SC,Sul,421090,Modelo
Santa Catarina,SC,Sul,421100,Mondaí
Santa Catarina,SC,Sul,421105,Monte Carlo
Santa Catarina,SC,Sul,421110,Monte Castelo
Santa Catarina,SC,Sul,421120,Morro da Fumaça
Santa Catarina,SC,Sul,421125,Morro Grande
Santa Catarina,SC,Sul,421130,Navegantes
Santa Catarina,SC,Sul,421140,Nova Erechim
Santa Catarina,SC,Sul,421145,Nova Itaberaba
Santa Catarina,SC,Sul,421150,Nova Trento
Santa Catarina,SC,Sul,421160,Nova Veneza
Santa Catarina,SC,Sul,421165,Novo Horizonte
Santa Catarina,SC,Sul,421170,Orleans
Santa Catarina,SC,Sul,421175,Otacílio Costa
Santa Catarina,SC,Sul,421180,Ouro
Santa Catarina,SC,Sul,421185,Ouro Verde
Santa Catarina,SC,Sul,421187,Paial
Santa Catarina,SC,Sul,421189,Painel
Santa Catarina,SC,Sul,421190,Palhoça
Santa Catarina,SC,Sul,421200,Palma Sola
Santa Catarina,SC,Sul,421205,Palmeira
Santa Catarina,SC,Sul,421210,Palmitos
Santa Catarina,SC,Sul,421220,Papanduva
Santa Catarina,SC,Sul,421223,Paraíso
Santa Catarina,SC,Sul,421225,Passo de Torres
Santa Catarina,SC,Sul,421227,Passos Maia
Santa Catarina,SC,Sul,421230,Paulo Lopes
Santa Catarina,SC,Sul,421240,Pedras Grandes
Santa Catarina,SC,Sul,421250,Penha
Santa Catarina,SC,Sul,421260,Peritiba
Santa Catarina,SC,Sul,421265,Pescaria Brava
Santa Catarina,SC,Sul,421270,Petrolândia
Santa Catarina,SC,Sul,421290,Pinhalzinho
Santa Catarina,SC,Sul,421300,Pinheiro Preto
Santa Catarina,SC,Sul,421310,Piratuba
Santa Catarina,SC,Sul,421315,Planalto Alegre
Santa Catarina,SC,Sul,421320,Pomerode
Santa Catarina,SC,Sul,421330,Ponte Alta
Santa Catarina,SC,Sul,421335,Ponte Alta do Norte
Santa Catarina,SC,Sul,421340,Ponte Serrada
Santa Catarina,SC,Sul,421350,Porto Belo
Santa Catarina,SC,Sul,421360,Porto União
Santa Catarina,SC,Sul,421370,Pouso Redondo
Santa Catarina,SC,Sul,421380,Praia Grande
Santa Catarina,SC,Sul,421390,Presidente Castello Branco
Santa Catarina,SC,Sul,421400,Presidente Getúlio
Santa Catarina,SC,Sul,421410,Presidente Nereu
Santa Catarina,SC,Sul,421415,Princesa
Santa Catarina,SC,Sul,421420,Quilombo
Santa Catarina,SC,Sul,421430,Rancho Queimado
Santa Catarina,SC,Sul,421440,Rio das Antas
Santa Catarina,SC,Sul,421450,Rio do Campo
Santa Catarina,SC,Sul,421460,Rio do Oeste
Santa Catarina,SC,Sul,421480,Rio do Sul
Santa Catarina,SC,Sul,421470,Rio dos Cedros
Santa Catarina,SC,Sul,421490,Rio Fortuna
Santa Catarina,SC,Sul,421500,Rio Negrinho
Santa Catarina,SC,Sul,421505,Rio Rufino
Santa Catarina,SC,Sul,421507,Riqueza
Santa Catarina,SC,Sul,421510,Rodeio
Santa Catarina,SC,Sul,421520,Romelândia
Santa Catarina,SC,Sul,421530,Salete
Santa Catarina,SC,Sul,421535,Saltinho
Santa Catarina,SC,Sul,421540,Salto Veloso
Santa Catarina,SC,Sul,421545,Sangão
Santa Catarina,SC,Sul,421550,Santa Cecília
Santa Catarina,SC,Sul,421555,Santa Helena
Santa Catarina,SC,Sul,421560,Santa Rosa de Lima
Santa Catarina,SC,Sul,421565,Santa Rosa do Sul
Santa Catarina,SC,Sul,421567,Santa Terezinha
Santa Catarina,SC,Sul,421568,Santa Terezinha do Progresso
Santa Catarina,SC,Sul,421569,Santiago do Sul
Santa Catarina,SC,Sul,421570,Santo Amaro da Imperatriz
Santa Catarina,SC,Sul,421580,São Bento do Sul
Santa Catarina,SC,Sul,421575,São Bernardino
Santa Catarina,SC,Sul,421590,São Bonifácio
Santa Catarina,SC,Sul,421600,São Carlos
Santa Catarina,SC,Sul,421605,São Cristóvão do Sul
Santa Catarina,SC,Sul,421610,São Domingos
Santa Catarina,SC,Sul,421620,São Francisco do Sul
Santa Catarina,SC,Sul,421630,São João Batista
Santa Catarina,SC,Sul,421635,São João do Itaperiú
Santa Catarina,SC,Sul,421625,São João do Oeste
Santa Catarina,SC,Sul,421640,São João do Sul
Santa Catarina,SC,Sul,421650,São Joaquim
Santa Catarina,SC,Sul,421660,São José
Santa Catarina,SC,Sul,421670,São José do Cedro
Santa Catarina,SC,Sul,421680,São José do Cerrito
Santa Catarina,SC,Sul,421690,São Lourenço do Oeste
Santa Catarina,SC,Sul,421700,São Ludgero
Santa Catarina,SC,Sul,421710,São Martinho
Santa Catarina,SC,Sul,421715,São Miguel da Boa Vista
Santa Catarina,SC,Sul,421720,São Miguel do Oeste
Santa Catarina,SC,Sul,421725,São Pedro de Alcântara
Santa Catarina,SC,Sul,421730,Saudades
Santa Catarina,SC,Sul,421740,Schroeder
Santa Catarina,SC,Sul,421750,Seara
Santa Catarina,SC,Sul,421755,Serra Alta
Santa Catarina,SC,Sul,421760,Siderópolis
Santa Catarina,SC,Sul,421770,Sombrio
Santa Catarina,SC,Sul,421775,Sul Brasil
Santa Catarina,SC,Sul,421780,Taió
Santa Catarina,SC,Sul,421790,Tangará
Santa Catarina,SC,Sul,421795,Tigrinhos
Santa Catarina,SC,Sul,421800,Tijucas
Santa Catarina,SC,Sul,421810,Timbé do Sul
Santa Catarina,SC,Sul,421820,Timbó
Santa Catarina,SC,Sul,421825,Timbó Grande
Santa Catarina,SC,Sul,421830,Três Barras
Santa Catarina,SC,Sul,421835,Treviso
Santa Catarina,SC,Sul,421840,Treze de Maio
Santa Catarina,SC,Sul,421850,Treze Tílias
Santa Catarina,SC,Sul,421860,Trombudo Central
Santa Catarina,SC,Sul,421870,Tubarão
Santa Catarina,SC,Sul,421875,Tunápolis
Santa Catarina,SC,Sul,421880,Turvo
Santa Catarina,SC,Sul,421885,União do Oeste
Santa Catarina,SC,Sul,421890,Urubici
Santa Catarina,SC,Sul,421895,Urupema
Santa Catarina,SC,Sul,421900,Urussanga
Santa Catarina,SC,Sul,421910,Vargeão
Santa Catarina,SC,Sul,421915,Vargem
Santa Catarina,SC,Sul,421917,Vargem Bonita
Santa Catarina,SC,Sul,421920,Vidal Ramos
Santa Catarina,SC,Sul,421930,Videira
Santa Catarina,SC,Sul,421935,Vitor Meireles
Santa Catarina,SC,Sul,421940,Witmarsum
Santa Catarina,SC,Sul,421950,Xanxerê
Santa Catarina,SC,Sul,421960,Xavantina
Santa Catarina,SC,Sul,421970,Xaxim
Santa Catarina,SC,Sul,421985,Zortéa
Minas Gerais,MG,Sudeste,310010,Abadia dos Dourados
Minas Gerais,MG,Sudeste,310020,Abaeté
Minas Gerais,MG,Sudeste,310030,Abre Campo
Minas Gerais,MG,Sudeste,310040,Acaiaca
Minas Gerais,MG,Sudeste,310050,Açucena
Minas Gerais,MG,Sudeste,310060,Água Boa
Minas Gerais,MG,Sudeste,310070,Água Comprida
Minas Gerais,MG,Sudeste,310080,Aguanil
Minas Gerais,MG,Sudeste,310090,Águas Formosas
Minas Gerais,MG,Sudeste,310100,Águas Vermelhas
Minas Gerais,MG,Sudeste,310110,Aimorés
Minas Gerais,MG,Sudeste,310120,Aiuruoca
Minas Gerais,MG,Sudeste,310130,Alagoa
Minas Gerais,MG,Sudeste,310140,Albertina
Minas Gerais,MG,Sudeste,310150,Além Paraíba
Minas Gerais,MG,Sudeste,310160,Alfenas
Minas Gerais,MG,Sudeste,310163,Alfredo Vasconcelos
Minas Gerais,MG,Sudeste,310170,Almenara
Minas Gerais,MG,Sudeste,310180,Alpercata
Minas Gerais,MG,Sudeste,310190,Alpinópolis
Minas Gerais,MG,Sudeste,310200,Alterosa
Minas Gerais,MG,Sudeste,310205,Alto Caparaó
Minas Gerais,MG,Sudeste,315350,Alto Jequitibá
Minas Gerais,MG,Sudeste,310210,Alto Rio Doce
Minas Gerais,MG,Sudeste,310220,Alvarenga
Minas Gerais,MG,Sudeste,310230,Alvinópolis
Minas Gerais,MG,Sudeste,310240,Alvorada de Minas
Minas Gerais,MG,Sudeste,310250,Amparo do Serra
Minas Gerais,MG,Sudeste,310260,Andradas
Minas Gerais,MG,Sudeste,310280,Andrelândia
Minas Gerais,MG,Sudeste,310285,Angelândia
Minas Gerais,MG,Sudeste,310290,Antônio Carlos
Minas Gerais,MG,Sudeste,310300,Antônio Dias
Minas Gerais,MG,Sudeste,310310,Antônio Prado de Minas
Minas Gerais,MG,Sudeste,310320,Araçaí
Minas Gerais,MG,Sudeste,310330,Aracitaba
Minas Gerais,MG,Sudeste,310340,Araçuaí
Minas Gerais,MG,Sudeste,310350,Araguari
Minas Gerais,MG,Sudeste,310360,Arantina
Minas Gerais,MG,Sudeste,310370,Araponga
Minas Gerais,MG,Sudeste,310375,Araporã
Minas Gerais,MG,Sudeste,310380,Arapuá
Minas Gerais,MG,Sudeste,310390,Araújos
Minas Gerais,MG,Sudeste,310400,Araxá
Minas Gerais,MG,Sudeste,310410,Arceburgo
Minas Gerais,MG,Sudeste,310420,Arcos
Minas Gerais,MG,Sudeste,310430,Areado
Minas Gerais,MG,Sudeste,310440,Argirita
Minas Gerais,MG,Sudeste,310445,Aricanduva
Minas Gerais,MG,Sudeste,310450,Arinos
Minas Gerais,MG,Sudeste,310460,Astolfo Dutra
Minas Gerais,MG,Sudeste,310470,Ataléia
Minas Gerais,MG,Sudeste,310480,Augusto de Lima
Minas Gerais,MG,Sudeste,310490,Baependi
Minas Gerais,MG,Sudeste,310500,Baldim
Minas Gerais,MG,Sudeste,310510,Bambuí
Minas Gerais,MG,Sudeste,310520,Bandeira
Minas Gerais,MG,Sudeste,310530,Bandeira do Sul
Minas Gerais,MG,Sudeste,310540,Barão de Cocais
Minas Gerais,MG,Sudeste,310550,Barão do Monte Alto
Minas Gerais,MG,Sudeste,310560,Barbacena
Minas Gerais,MG,Sudeste,310570,Barra Longa
Minas Gerais,MG,Sudeste,310590,Barroso
Minas Gerais,MG,Sudeste,310600,Bela Vista de Minas
Minas Gerais,MG,Sudeste,310610,Belmiro Braga
Minas Gerais,MG,Sudeste,310620,Belo Horizonte
Minas Gerais,MG,Sudeste,310630,Belo Oriente
Minas Gerais,MG,Sudeste,310640,Belo Vale
Minas Gerais,MG,Sudeste,310650,Berilo
Minas Gerais,MG,Sudeste,310665,Berizal
Minas Gerais,MG,Sudeste,310660,Bertópolis
Minas Gerais,MG,Sudeste,310670,Betim
Minas Gerais,MG,Sudeste,310680,Bias Fortes
Minas Gerais,MG,Sudeste,310690,Bicas
Minas Gerais,MG,Sudeste,310700,Biquinhas
Minas Gerais,MG,Sudeste,310710,Boa Esperança
Minas Gerais,MG,Sudeste,310720,Bocaina de Minas
Minas Gerais,MG,Sudeste,310730,Bocaiúva
Minas Gerais,MG,Sudeste,310740,Bom Despacho
Minas Gerais,MG,Sudeste,310750,Bom Jardim de Minas
Minas Gerais,MG,Sudeste,310760,Bom Jesus da Penha
Minas Gerais,MG,Sudeste,310770,Bom Jesus do Amparo
Minas Gerais,MG,Sudeste,310780,Bom Jesus do Galho
Minas Gerais,MG,Sudeste,310790,Bom Repouso
Minas Gerais,MG,Sudeste,310800,Bom Sucesso
Minas Gerais,MG,Sudeste,310810,Bonfim
Minas Gerais,MG,Sudeste,310820,Bonfinópolis de Minas
Minas Gerais,MG,Sudeste,310825,Bonito de Minas
Minas Gerais,MG,Sudeste,310830,Borda da Mata
Minas Gerais,MG,Sudeste,310840,Botelhos
Minas Gerais,MG,Sudeste,310850,Botumirim
Minas Gerais,MG,Sudeste,310870,Brás Pires
Minas Gerais,MG,Sudeste,310855,Brasilândia de Minas
Minas Gerais,MG,Sudeste,310860,Brasília de Minas
Minas Gerais,MG,Sudeste,310880,Braúnas
Minas Gerais,MG,Sudeste,310890,Brazópolis
Minas Gerais,MG,Sudeste,310900,Brumadinho
Minas Gerais,MG,Sudeste,310910,Bueno Brandão
Minas Gerais,MG,Sudeste,310920,Buenópolis
Minas Gerais,MG,Sudeste,310925,Bugre
Minas Gerais,MG,Sudeste,310930,Buritis
Minas Gerais,MG,Sudeste,310940,Buritizeiro
Minas Gerais,MG,Sudeste,310945,Cabeceira Grande
Minas Gerais,MG,Sudeste,310950,Cabo Verde
Minas Gerais,MG,Sudeste,310960,Cachoeira da Prata
Minas Gerais,MG,Sudeste,310970,Cachoeira de Minas
Minas Gerais,MG,Sudeste,310270,Cachoeira de Pajeú
Minas Gerais,MG,Sudeste,310980,Cachoeira Dourada
Minas Gerais,MG,Sudeste,310990,Caetanópolis
Minas Gerais,MG,Sudeste,311000,Caeté
Minas Gerais,MG,Sudeste,311010,Caiana
Minas Gerais,MG,Sudeste,311020,Cajuri
Minas Gerais,MG,Sudeste,311030,Caldas
Minas Gerais,MG,Sudeste,311040,Camacho
Minas Gerais,MG,Sudeste,311050,Camanducaia
Minas Gerais,MG,Sudeste,311060,Cambuí
Minas Gerais,MG,Sudeste,311070,Cambuquira
Minas Gerais,MG,Sudeste,311080,Campanário
Minas Gerais,MG,Sudeste,311090,Campanha
Minas Gerais,MG,Sudeste,311100,Campestre
Minas Gerais,MG,Sudeste,311110,Campina Verde
Minas Gerais,MG,Sudeste,311115,Campo Azul
Minas Gerais,MG,Sudeste,311120,Campo Belo
Minas Gerais,MG,Sudeste,311130,Campo do Meio
Minas Gerais,MG,Sudeste,311140,Campo Florido
Minas Gerais,MG,Sudeste,311150,Campos Altos
Minas Gerais,MG,Sudeste,311160,Campos Gerais
Minas Gerais,MG,Sudeste,311190,Cana Verde
Minas Gerais,MG,Sudeste,311170,Canaã
Minas Gerais,MG,Sudeste,311180,Canápolis
Minas Gerais,MG,Sudeste,311200,Candeias
Minas Gerais,MG,Sudeste,311205,Cantagalo
Minas Gerais,MG,Sudeste,311210,Caparaó
Minas Gerais,MG,Sudeste,311220,Capela Nova
Minas Gerais,MG,Sudeste,311230,Capelinha
Minas Gerais,MG,Sudeste,311240,Capetinga
Minas Gerais,MG,Sudeste,311250,Capim Branco
Minas Gerais,MG,Sudeste,311260,Capinópolis
Minas Gerais,MG,Sudeste,311265,Capitão Andrade
Minas Gerais,MG,Sudeste,311270,Capitão Enéas
Minas Gerais,MG,Sudeste,311280,Capitólio
Minas Gerais,MG,Sudeste,311290,Caputira
Minas Gerais,MG,Sudeste,311300,Caraí
Minas Gerais,MG,Sudeste,311310,Caranaíba
Minas Gerais,MG,Sudeste,311320,Carandaí
Minas Gerais,MG,Sudeste,311330,Carangola
Minas Gerais,MG,Sudeste,311340,Caratinga
Minas Gerais,MG,Sudeste,311350,Carbonita
Minas Gerais,MG,Sudeste,311360,Careaçu
Minas Gerais,MG,Sudeste,311370,Carlos Chagas
Minas Gerais,MG,Sudeste,311380,Carmésia
Minas Gerais,MG,Sudeste,311390,Carmo da Cachoeira
Minas Gerais,MG,Sudeste,311400,Carmo da Mata
Minas Gerais,MG,Sudeste,311410,Carmo de Minas
Minas Gerais,MG,Sudeste,311420,Carmo do Cajuru
Minas Gerais,MG,Sudeste,311430,Carmo do Paranaíba
Minas Gerais,MG,Sudeste,311440,Carmo do Rio Claro
Minas Gerais,MG,Sudeste,311450,Carmópolis de Minas
Minas Gerais,MG,Sudeste,311455,Carneirinho
Minas Gerais,MG,Sudeste,311460,Carrancas
Minas Gerais,MG,Sudeste,311470,Carvalhópolis
Minas Gerais,MG,Sudeste,311480,Carvalhos
Minas Gerais,MG,Sudeste,311490,Casa Grande
Minas Gerais,MG,Sudeste,311500,Cascalho Rico
Minas Gerais,MG,Sudeste,311510,Cássia
Minas Gerais,MG,Sudeste,311530,Cataguases
Minas Gerais,MG,Sudeste,311535,Catas Altas
Minas Gerais,MG,Sudeste,311540,Catas Altas da Noruega
Minas Gerais,MG,Sudeste,311545,Catuji
Minas Gerais,MG,Sudeste,311547,Catuti
Minas Gerais,MG,Sudeste,311550,Caxambu
Minas Gerais,MG,Sudeste,311560,Cedro do Abaeté
Minas Gerais,MG,Sudeste,311570,Central de Minas
Minas Gerais,MG,Sudeste,311580,Centralina
Minas Gerais,MG,Sudeste,311590,Chácara
Minas Gerais,MG,Sudeste,311600,Chalé
Minas Gerais,MG,Sudeste,311610,Chapada do Norte
Minas Gerais,MG,Sudeste,311615,Chapada Gaúcha
Minas Gerais,MG,Sudeste,311620,Chiador
Minas Gerais,MG,Sudeste,311630,Cipotânea
Minas Gerais,MG,Sudeste,311640,Claraval
Minas Gerais,MG,Sudeste,311650,Claro dos Poções
Minas Gerais,MG,Sudeste,311660,Cláudio
Minas Gerais,MG,Sudeste,311670,Coimbra
Minas Gerais,MG,Sudeste,311680,Coluna
Minas Gerais,MG,Sudeste,311690,Comendador Gomes
Minas Gerais,MG,Sudeste,311700,Comercinho
Minas Gerais,MG,Sudeste,311710,Conceição da Aparecida
Minas Gerais,MG,Sudeste,311520,Conceição da Barra de Minas
Minas Gerais,MG,Sudeste,311730,Conceição das Alagoas
Minas Gerais,MG,Sudeste,311720,Conceição das Pedras
Minas Gerais,MG,Sudeste,311740,Conceição de Ipanema
Minas Gerais,MG,Sudeste,311750,Conceição do Mato Dentro
Minas Gerais,MG,Sudeste,311760,Conceição do Pará
Minas Gerais,MG,Sudeste,311770,Conceição do Rio Verde
Minas Gerais,MG,Sudeste,311780,Conceição dos Ouros
Minas Gerais,MG,Sudeste,311783,Cônego Marinho
Minas Gerais,MG,Sudeste,311787,Confins
Minas Gerais,MG,Sudeste,311790,Congonhal
Minas Gerais,MG,Sudeste,311800,Congonhas
Minas Gerais,MG,Sudeste,311810,Congonhas do Norte
Minas Gerais,MG,Sudeste,311820,Conquista
Minas Gerais,MG,Sudeste,311830,Conselheiro Lafaiete
Minas Gerais,MG,Sudeste,311840,Conselheiro Pena
Minas Gerais,MG,Sudeste,311850,Consolação
Minas Gerais,MG,Sudeste,311860,Contagem
Minas Gerais,MG,Sudeste,311870,Coqueiral
Minas Gerais,MG,Sudeste,311880,Coração de Jesus
Minas Gerais,MG,Sudeste,311890,Cordisburgo
Minas Gerais,MG,Sudeste,311900,Cordislândia
Minas Gerais,MG,Sudeste,311910,Corinto
Minas Gerais,MG,Sudeste,311920,Coroaci
Minas Gerais,MG,Sudeste,311930,Coromandel
Minas Gerais,MG,Sudeste,311940,Coronel Fabriciano
Minas Gerais,MG,Sudeste,311950,Coronel Murta
Minas Gerais,MG,Sudeste,311960,Coronel Pacheco
Minas Gerais,MG,Sudeste,311970,Coronel Xavier Chaves
Minas Gerais,MG,Sudeste,311980,Córrego Danta
Minas Gerais,MG,Sudeste,311990,Córrego do Bom Jesus
Minas Gerais,MG,Sudeste,311995,Córrego Fundo
Minas Gerais,MG,Sudeste,312000,Córrego Novo
Minas Gerais,MG,Sudeste,312010,Couto de Magalhães de Minas
Minas Gerais,MG,Sudeste,312015,Crisólita
Minas Gerais,MG,Sudeste,312020,Cristais
Minas Gerais,MG,Sudeste,312030,Cristália
Minas Gerais,MG,Sudeste,312040,Cristiano Otoni
Minas Gerais,MG,Sudeste,312050,Cristina
Minas Gerais,MG,Sudeste,312060,Crucilândia
Minas Gerais,MG,Sudeste,312070,Cruzeiro da Fortaleza
Minas Gerais,MG,Sudeste,312080,Cruzília
Minas Gerais,MG,Sudeste,312083,Cuparaque
Minas Gerais,MG,Sudeste,312087,Curral de Dentro
Minas Gerais,MG,Sudeste,312090,Curvelo
Minas Gerais,MG,Sudeste,312100,Datas
Minas Gerais,MG,Sudeste,312110,Delfim Moreira
Minas Gerais,MG,Sudeste,312120,Delfinópolis
Minas Gerais,MG,Sudeste,312125,Delta
Minas Gerais,MG,Sudeste,312130,Descoberto
Minas Gerais,MG,Sudeste,312140,Desterro de Entre Rios
Minas Gerais,MG,Sudeste,312150,Desterro do Melo
Minas Gerais,MG,Sudeste,312160,Diamantina
Minas Gerais,MG,Sudeste,312170,Diogo de Vasconcelos
Minas Gerais,MG,Sudeste,312180,Dionísio
Minas Gerais,MG,Sudeste,312190,Divinésia
Minas Gerais,MG,Sudeste,312200,Divino
Minas Gerais,MG,Sudeste,312210,Divino das Laranjeiras
Minas Gerais,MG,Sudeste,312220,Divinolândia de Minas
Minas Gerais,MG,Sudeste,312230,Divinópolis
Minas Gerais,MG,Sudeste,312235,Divisa Alegre
Minas Gerais,MG,Sudeste,312240,Divisa Nova
Minas Gerais,MG,Sudeste,312245,Divisópolis
Minas Gerais,MG,Sudeste,312247,Dom Bosco
Minas Gerais,MG,Sudeste,312250,Dom Cavati
Minas Gerais,MG,Sudeste,312260,Dom Joaquim
Minas Gerais,MG,Sudeste,312270,Dom Silvério
Minas Gerais,MG,Sudeste,312280,Dom Viçoso
Minas Gerais,MG,Sudeste,312290,Dona Euzébia
Minas Gerais,MG,Sudeste,312300,Dores de Campos
Minas Gerais,MG,Sudeste,312310,Dores de Guanhães
Minas Gerais,MG,Sudeste,312320,Dores do Indaiá
Minas Gerais,MG,Sudeste,312330,Dores do Turvo
Minas Gerais,MG,Sudeste,312340,Doresópolis
Minas Gerais,MG,Sudeste,312350,Douradoquara
Minas Gerais,MG,Sudeste,312352,Durandé
Minas Gerais,MG,Sudeste,312360,Elói Mendes
Minas Gerais,MG,Sudeste,312370,Engenheiro Caldas
Minas Gerais,MG,Sudeste,312380,Engenheiro Navarro
Minas Gerais,MG,Sudeste,312385,Entre Folhas
Minas Gerais,MG,Sudeste,312390,Entre Rios de Minas
Minas Gerais,MG,Sudeste,312400,Ervália
Minas Gerais,MG,Sudeste,312410,Esmeraldas
Minas Gerais,MG,Sudeste,312420,Espera Feliz
Minas Gerais,MG,Sudeste,312430,Espinosa
Minas Gerais,MG,Sudeste,312440,Espírito Santo do Dourado
Minas Gerais,MG,Sudeste,312450,Estiva
Minas Gerais,MG,Sudeste,312460,Estrela Dalva
Minas Gerais,MG,Sudeste,312470,Estrela do Indaiá
Minas Gerais,MG,Sudeste,312480,Estrela do Sul
Minas Gerais,MG,Sudeste,312490,Eugenópolis
Minas Gerais,MG,Sudeste,312500,Ewbank da Câmara
Minas Gerais,MG,Sudeste,312510,Extrema
Minas Gerais,MG,Sudeste,312520,Fama
Minas Gerais,MG,Sudeste,312530,Faria Lemos
Minas Gerais,MG,Sudeste,312540,Felício dos Santos
Minas Gerais,MG,Sudeste,312560,Felisburgo
Minas Gerais,MG,Sudeste,312570,Felixlândia
Minas Gerais,MG,Sudeste,312580,Fernandes Tourinho
Minas Gerais,MG,Sudeste,312590,Ferros
Minas Gerais,MG,Sudeste,312595,Fervedouro
Minas Gerais,MG,Sudeste,312600,Florestal
Minas Gerais,MG,Sudeste,312610,Formiga
Minas Gerais,MG,Sudeste,312620,Formoso
Minas Gerais,MG,Sudeste,312630,Fortaleza de Minas
Minas Gerais,MG,Sudeste,312640,Fortuna de Minas
Minas Gerais,MG,Sudeste,312650,Francisco Badaró
Minas Gerais,MG,Sudeste,312660,Francisco Dumont
Minas Gerais,MG,Sudeste,312670,Francisco Sá
Minas Gerais,MG,Sudeste,312675,Franciscópolis
Minas Gerais,MG,Sudeste,312680,Frei Gaspar
Minas Gerais,MG,Sudeste,312690,Frei Inocêncio
Minas Gerais,MG,Sudeste,312695,Frei Lagonegro
Minas Gerais,MG,Sudeste,312700,Fronteira
Minas Gerais,MG,Sudeste,312705,Fronteira dos Vales
Minas Gerais,MG,Sudeste,312707,Fruta de Leite
Minas Gerais,MG,Sudeste,312710,Frutal
Minas Gerais,MG,Sudeste,312720,Funilândia
Minas Gerais,MG,Sudeste,312730,Galiléia
Minas Gerais,MG,Sudeste,312733,Gameleiras
Minas Gerais,MG,Sudeste,312735,Glaucilândia
Minas Gerais,MG,Sudeste,312737,Goiabeira
Minas Gerais,MG,Sudeste,312738,Goianá
Minas Gerais,MG,Sudeste,312740,Gonçalves
Minas Gerais,MG,Sudeste,312750,Gonzaga
Minas Gerais,MG,Sudeste,312760,Gouveia
Minas Gerais,MG,Sudeste,312770,Governador Valadares
Minas Gerais,MG,Sudeste,312780,Grão Mogol
Minas Gerais,MG,Sudeste,312790,Grupiara
Minas Gerais,MG,Sudeste,312800,Guanhães
Minas Gerais,MG,Sudeste,312810,Guapé
Minas Gerais,MG,Sudeste,312820,Guaraciaba
Minas Gerais,MG,Sudeste,312825,Guaraciama
Minas Gerais,MG,Sudeste,312830,Guaranésia
Minas Gerais,MG,Sudeste,312840,Guarani
Minas Gerais,MG,Sudeste,312850,Guarará
Minas Gerais,MG,Sudeste,312860,Guarda-Mor
Minas Gerais,MG,Sudeste,312870,Guaxupé
Minas Gerais,MG,Sudeste,312880,Guidoval
Minas Gerais,MG,Sudeste,312890,Guimarânia
Minas Gerais,MG,Sudeste,312900,Guiricema
Minas Gerais,MG,Sudeste,312910,Gurinhatã
Minas Gerais,MG,Sudeste,312920,Heliodora
Minas Gerais,MG,Sudeste,312930,Iapu
Minas Gerais,MG,Sudeste,312940,Ibertioga
Minas Gerais,MG,Sudeste,312950,Ibiá
Minas Gerais,MG,Sudeste,312960,Ibiaí
Minas Gerais,MG,Sudeste,312965,Ibiracatu
Minas Gerais,MG,Sudeste,312970,Ibiraci
Minas Gerais,MG,Sudeste,312980,Ibirité
Minas Gerais,MG,Sudeste,312990,Ibitiúra de Minas
Minas Gerais,MG,Sudeste,313000,Ibituruna
Minas Gerais,MG,Sudeste,313005,Icaraí de Minas
Minas Gerais,MG,Sudeste,313010,Igarapé
Minas Gerais,MG,Sudeste,313020,Igaratinga
Minas Gerais,MG,Sudeste,313030,Iguatama
Minas Gerais,MG,Sudeste,313040,Ijaci
Minas Gerais,MG,Sudeste,313050,Ilicínea
Minas Gerais,MG,Sudeste,313055,Imbé de Minas
Minas Gerais,MG,Sudeste,313060,Inconfidentes
Minas Gerais,MG,Sudeste,313065,Indaiabira
Minas Gerais,MG,Sudeste,313070,Indianópolis
Minas Gerais,MG,Sudeste,313080,Ingaí
Minas Gerais,MG,Sudeste,313090,Inhapim
Minas Gerais,MG,Sudeste,313100,Inhaúma
Minas Gerais,MG,Sudeste,313110,Inimutaba
Minas Gerais,MG,Sudeste,313115,Ipaba
Minas Gerais,MG,Sudeste,313120,Ipanema
Minas Gerais,MG,Sudeste,313130,Ipatinga
Minas Gerais,MG,Sudeste,313140,Ipiaçu
Minas Gerais,MG,Sudeste,313150,Ipuiúna
Minas Gerais,MG,Sudeste,313160,Iraí de Minas
Minas Gerais,MG,Sudeste,313170,Itabira
Minas Gerais,MG,Sudeste,313180,Itabirinha
Minas Gerais,MG,Sudeste,313190,Itabirito
Minas Gerais,MG,Sudeste,313200,Itacambira
Minas Gerais,MG,Sudeste,313210,Itacarambi
Minas Gerais,MG,Sudeste,313220,Itaguara
Minas Gerais,MG,Sudeste,313230,Itaipé
Minas Gerais,MG,Sudeste,313240,Itajubá
Minas Gerais,MG,Sudeste,313250,Itamarandiba
Minas Gerais,MG,Sudeste,313260,Itamarati de Minas
Minas Gerais,MG,Sudeste,313270,Itambacuri
Minas Gerais,MG,Sudeste,313280,Itambé do Mato Dentro
Minas Gerais,MG,Sudeste,313290,Itamogi
Minas Gerais,MG,Sudeste,313300,Itamonte
Minas Gerais,MG,Sudeste,313310,Itanhandu
Minas Gerais,MG,Sudeste,313320,Itanhomi
Minas Gerais,MG,Sudeste,313330,Itaobim
Minas Gerais,MG,Sudeste,313340,Itapagipe
Minas Gerais,MG,Sudeste,313350,Itapecerica
Minas Gerais,MG,Sudeste,313360,Itapeva
Minas Gerais,MG,Sudeste,313370,Itatiaiuçu
Minas Gerais,MG,Sudeste,313375,Itaú de Minas
Minas Gerais,MG,Sudeste,313380,Itaúna
Minas Gerais,MG,Sudeste,313390,Itaverava
Minas Gerais,MG,Sudeste,313400,Itinga
Minas Gerais,MG,Sudeste,313410,Itueta
Minas Gerais,MG,Sudeste,313420,Ituiutaba
Minas Gerais,MG,Sudeste,313430,Itumirim
Minas Gerais,MG,Sudeste,313440,Iturama
Minas Gerais,MG,Sudeste,313450,Itutinga
Minas Gerais,MG,Sudeste,313460,Jaboticatubas
Minas Gerais,MG,Sudeste,313470,Jacinto
Minas Gerais,MG,Sudeste,313480,Jacuí
Minas Gerais,MG,Sudeste,313490,Jacutinga
Minas Gerais,MG,Sudeste,313500,Jaguaraçu
Minas Gerais,MG,Sudeste,313505,Jaíba
Minas Gerais,MG,Sudeste,313507,Jampruca
Minas Gerais,MG,Sudeste,313510,Janaúba
Minas Gerais,MG,Sudeste,313520,Januária
Minas Gerais,MG,Sudeste,313530,Japaraíba
Minas Gerais,MG,Sudeste,313535,Japonvar
Minas Gerais,MG,Sudeste,313540,Jeceaba
Minas Gerais,MG,Sudeste,313545,Jenipapo de Minas
Minas Gerais,MG,Sudeste,313550,Jequeri
Minas Gerais,MG,Sudeste,313560,Jequitaí
Minas Gerais,MG,Sudeste,313570,Jequitibá
Minas Gerais,MG,Sudeste,313580,Jequitinhonha
Minas Gerais,MG,Sudeste,313590,Jesuânia
Minas Gerais,MG,Sudeste,313600,Joaíma
Minas Gerais,MG,Sudeste,313610,Joanésia
Minas Gerais,MG,Sudeste,313620,João Monlevade
Minas Gerais,MG,Sudeste,313630,João Pinheiro
Minas Gerais,MG,Sudeste,313640,Joaquim Felício
Minas Gerais,MG,Sudeste,313650,Jordânia
Minas Gerais,MG,Sudeste,313652,José Gonçalves de Minas
Minas Gerais,MG,Sudeste,313655,José Raydan
Minas Gerais,MG,Sudeste,313657,Josenópolis
Minas Gerais,MG,Sudeste,313665,Juatuba
Minas Gerais,MG,Sudeste,313670,Juiz de Fora
Minas Gerais,MG,Sudeste,313680,Juramento
Minas Gerais,MG,Sudeste,313690,Juruaia
Minas Gerais,MG,Sudeste,313695,Juvenília
Minas Gerais,MG,Sudeste,313700,Ladainha
Minas Gerais,MG,Sudeste,313710,Lagamar
Minas Gerais,MG,Sudeste,313720,Lagoa da Prata
Minas Gerais,MG,Sudeste,313730,Lagoa dos Patos
Minas Gerais,MG,Sudeste,313740,Lagoa Dourada
Minas Gerais,MG,Sudeste,313750,Lagoa Formosa
Minas Gerais,MG,Sudeste,313753,Lagoa Grande
Minas Gerais,MG,Sudeste,313760,Lagoa Santa
Minas Gerais,MG,Sudeste,313770,Lajinha
Minas Gerais,MG,Sudeste,313780,Lambari
Minas Gerais,MG,Sudeste,313790,Lamim
Minas Gerais,MG,Sudeste,313800,Laranjal
Minas Gerais,MG,Sudeste,313810,Lassance
Minas Gerais,MG,Sudeste,313820,Lavras
Minas Gerais,MG,Sudeste,313830,Leandro Ferreira
Minas Gerais,MG,Sudeste,313835,Leme do Prado
Minas Gerais,MG,Sudeste,313840,Leopoldina
Minas Gerais,MG,Sudeste,313850,Liberdade
Minas Gerais,MG,Sudeste,313860,Lima Duarte
Minas Gerais,MG,Sudeste,313862,Limeira do Oeste
Minas Gerais,MG,Sudeste,313865,Lontra
Minas Gerais,MG,Sudeste,313867,Luisburgo
Minas Gerais,MG,Sudeste,313868,Luislândia
Minas Gerais,MG,Sudeste,313870,Luminárias
Minas Gerais,MG,Sudeste,313880,Luz
Minas Gerais,MG,Sudeste,313890,Machacalis
Minas Gerais,MG,Sudeste,313900,Machado
Minas Gerais,MG,Sudeste,313910,Madre de Deus de Minas
Minas Gerais,MG,Sudeste,313920,Malacacheta
Minas Gerais,MG,Sudeste,313925,Mamonas
Minas Gerais,MG,Sudeste,313930,Manga
Minas Gerais,MG,Sudeste,313940,Manhuaçu
Minas Gerais,MG,Sudeste,313950,Manhumirim
Minas Gerais,MG,Sudeste,313960,Mantena
Minas Gerais,MG,Sudeste,313980,Mar de Espanha
Minas Gerais,MG,Sudeste,313970,Maravilhas
Minas Gerais,MG,Sudeste,313990,Maria da Fé
Minas Gerais,MG,Sudeste,314000,Mariana
Minas Gerais,MG,Sudeste,314010,Marilac
Minas Gerais,MG,Sudeste,314015,Mário Campos
Minas Gerais,MG,Sudeste,314020,Maripá de Minas
Minas Gerais,MG,Sudeste,314030,Marliéria
Minas Gerais,MG,Sudeste,314040,Marmelópolis
Minas Gerais,MG,Sudeste,314050,Martinho Campos
Minas Gerais,MG,Sudeste,314053,Martins Soares
Minas Gerais,MG,Sudeste,314055,Mata Verde
Minas Gerais,MG,Sudeste,314060,Materlândia
Minas Gerais,MG,Sudeste,314070,Mateus Leme
Minas Gerais,MG,Sudeste,317150,Mathias Lobato
Minas Gerais,MG,Sudeste,314080,Matias Barbosa
Minas Gerais,MG,Sudeste,314085,Matias Cardoso
Minas Gerais,MG,Sudeste,314090,Matipó
Minas Gerais,MG,Sudeste,314100,Mato Verde
Minas Gerais,MG,Sudeste,314110,Matozinhos
Minas Gerais,MG,Sudeste,314120,Matutina
Minas Gerais,MG,Sudeste,314130,Medeiros
Minas Gerais,MG,Sudeste,314140,Medina
Minas Gerais,MG,Sudeste,314150,Mendes Pimentel
Minas Gerais,MG,Sudeste,314160,Mercês
Minas Gerais,MG,Sudeste,314170,Mesquita
Minas Gerais,MG,Sudeste,314180,Minas Novas
Minas Gerais,MG,Sudeste,314190,Minduri
Minas Gerais,MG,Sudeste,314200,Mirabela
Minas Gerais,MG,Sudeste,314210,Miradouro
Minas Gerais,MG,Sudeste,314220,Miraí
Minas Gerais,MG,Sudeste,314225,Miravânia
Minas Gerais,MG,Sudeste,314230,Moeda
Minas Gerais,MG,Sudeste,314240,Moema
Minas Gerais,MG,Sudeste,314250,Monjolos
Minas Gerais,MG,Sudeste,314260,Monsenhor Paulo
Minas Gerais,MG,Sudeste,314270,Montalvânia
Minas Gerais,MG,Sudeste,314280,Monte Alegre de Minas
Minas Gerais,MG,Sudeste,314290,Monte Azul
Minas Gerais,MG,Sudeste,314300,Monte Belo
Minas Gerais,MG,Sudeste,314310,Monte Carmelo
Minas Gerais,MG,Sudeste,314315,Monte Formoso
Minas Gerais,MG,Sudeste,314320,Monte Santo de Minas
Minas Gerais,MG,Sudeste,314340,Monte Sião
Minas Gerais,MG,Sudeste,314330,Montes Claros
Minas Gerais,MG,Sudeste,314345,Montezuma
Minas Gerais,MG,Sudeste,314350,Morada Nova de Minas
Minas Gerais,MG,Sudeste,314360,Morro da Garça
Minas Gerais,MG,Sudeste,314370,Morro do Pilar
Minas Gerais,MG,Sudeste,314380,Munhoz
Minas Gerais,MG,Sudeste,314390,Muriaé
Minas Gerais,MG,Sudeste,314400,Mutum
Minas Gerais,MG,Sudeste,314410,Muzambinho
Minas Gerais,MG,Sudeste,314420,Nacip Raydan
Minas Gerais,MG,Sudeste,314430,Nanuque
Minas Gerais,MG,Sudeste,314435,Naque
Minas Gerais,MG,Sudeste,314437,Natalândia
Minas Gerais,MG,Sudeste,314440,Natércia
Minas Gerais,MG,Sudeste,314450,Nazareno
Minas Gerais,MG,Sudeste,314460,Nepomuceno
Minas Gerais,MG,Sudeste,314465,Ninheira
Minas Gerais,MG,Sudeste,314467,Nova Belém
Minas Gerais,MG,Sudeste,314470,Nova Era
Minas Gerais,MG,Sudeste,314480,Nova Lima
Minas Gerais,MG,Sudeste,314490,Nova Módica
Minas Gerais,MG,Sudeste,314500,Nova Ponte
Minas Gerais,MG,Sudeste,314505,Nova Porteirinha
Minas Gerais,MG,Sudeste,314510,Nova Resende
Minas Gerais,MG,Sudeste,314520,Nova Serrana
Minas Gerais,MG,Sudeste,313660,Nova União
Minas Gerais,MG,Sudeste,314530,Novo Cruzeiro
Minas Gerais,MG,Sudeste,314535,Novo Oriente de Minas
Minas Gerais,MG,Sudeste,314537,Novorizonte
Minas Gerais,MG,Sudeste,314540,Olaria
Minas Gerais,MG,Sudeste,314545,Olhos-d'Água
Minas Gerais,MG,Sudeste,314550,Olímpio Noronha
Minas Gerais,MG,Sudeste,314560,Oliveira
Minas Gerais,MG,Sudeste,314570,Oliveira Fortes
Minas Gerais,MG,Sudeste,314580,Onça de Pitangui
Minas Gerais,MG,Sudeste,314585,Oratórios
Minas Gerais,MG,Sudeste,314587,Orizânia
Minas Gerais,MG,Sudeste,314590,Ouro Branco
Minas Gerais,MG,Sudeste,314600,Ouro Fino
Minas Gerais,MG,Sudeste,314610,Ouro Preto
Minas Gerais,MG,Sudeste,314620,Ouro Verde de Minas
Minas Gerais,MG,Sudeste,314625,Padre Carvalho
Minas Gerais,MG,Sudeste,314630,Padre Paraíso
Minas Gerais,MG,Sudeste,314655,Pai Pedro
Minas Gerais,MG,Sudeste,314640,Paineiras
Minas Gerais,MG,Sudeste,314650,Pains
Minas Gerais,MG,Sudeste,314660,Paiva
Minas Gerais,MG,Sudeste,314670,Palma
Minas Gerais,MG,Sudeste,314675,Palmópolis
Minas Gerais,MG,Sudeste,314690,Papagaios
Minas Gerais,MG,Sudeste,314710,Pará de Minas
Minas Gerais,MG,Sudeste,314700,Paracatu
Minas Gerais,MG,Sudeste,314720,Paraguaçu
Minas Gerais,MG,Sudeste,314730,Paraisópolis
Minas Gerais,MG,Sudeste,314740,Paraopeba
Minas Gerais,MG,Sudeste,314760,Passa Quatro
Minas Gerais,MG,Sudeste,314770,Passa Tempo
Minas Gerais,MG,Sudeste,314780,Passa Vinte
Minas Gerais,MG,Sudeste,314750,Passabém
Minas Gerais,MG,Sudeste,314790,Passos
Minas Gerais,MG,Sudeste,314795,Patis
Minas Gerais,MG,Sudeste,314800,Patos de Minas
Minas Gerais,MG,Sudeste,314810,Patrocínio
Minas Gerais,MG,Sudeste,314820,Patrocínio do Muriaé
Minas Gerais,MG,Sudeste,314830,Paula Cândido
Minas Gerais,MG,Sudeste,314840,Paulistas
Minas Gerais,MG,Sudeste,314850,Pavão
Minas Gerais,MG,Sudeste,314860,Peçanha
Minas Gerais,MG,Sudeste,314870,Pedra Azul
Minas Gerais,MG,Sudeste,314875,Pedra Bonita
Minas Gerais,MG,Sudeste,314880,Pedra do Anta
Minas Gerais,MG,Sudeste,314890,Pedra do Indaiá
Minas Gerais,MG,Sudeste,314900,Pedra Dourada
Minas Gerais,MG,Sudeste,314910,Pedralva
Minas Gerais,MG,Sudeste,314915,Pedras de Maria da Cruz
Minas Gerais,MG,Sudeste,314920,Pedrinópolis
Minas Gerais,MG,Sudeste,314930,Pedro Leopoldo
Minas Gerais,MG,Sudeste,314940,Pedro Teixeira
Minas Gerais,MG,Sudeste,314950,Pequeri
Minas Gerais,MG,Sudeste,314960,Pequi
Minas Gerais,MG,Sudeste,314970,Perdigão
Minas Gerais,MG,Sudeste,314980,Perdizes
Minas Gerais,MG,Sudeste,314990,Perdões
Minas Gerais,MG,Sudeste,314995,Periquito
Minas Gerais,MG,Sudeste,315000,Pescador
Minas Gerais,MG,Sudeste,315010,Piau
Minas Gerais,MG,Sudeste,315015,Piedade de Caratinga
Minas Gerais,MG,Sudeste,315020,Piedade de Ponte Nova
Minas Gerais,MG,Sudeste,315030,Piedade do Rio Grande
Minas Gerais,MG,Sudeste,315040,Piedade dos Gerais
Minas Gerais,MG,Sudeste,315050,Pimenta
Minas Gerais,MG,Sudeste,315053,Pingo-d'Água
Minas Gerais,MG,Sudeste,315057,Pintópolis
Minas Gerais,MG,Sudeste,315060,Piracema
Minas Gerais,MG,Sudeste,315070,Pirajuba
Minas Gerais,MG,Sudeste,315080,Piranga
Minas Gerais,MG,Sudeste,315090,Piranguçu
Minas Gerais,MG,Sudeste,315100,Piranguinho
Minas Gerais,MG,Sudeste,315110,Pirapetinga
Minas Gerais,MG,Sudeste,315120,Pirapora
Minas Gerais,MG,Sudeste,315130,Piraúba
Minas Gerais,MG,Sudeste,315140,Pitangui
Minas Gerais,MG,Sudeste,315150,Piumhi
Minas Gerais,MG,Sudeste,315160,Planura
Minas Gerais,MG,Sudeste,315170,Poço Fundo
Minas Gerais,MG,Sudeste,315180,Poços de Caldas
Minas Gerais,MG,Sudeste,315190,Pocrane
Minas Gerais,MG,Sudeste,315200,Pompéu
Minas Gerais,MG,Sudeste,315210,Ponte Nova
Minas Gerais,MG,Sudeste,315213,Ponto Chique
Minas Gerais,MG,Sudeste,315217,Ponto dos Volantes
Minas Gerais,MG,Sudeste,315220,Porteirinha
Minas Gerais,MG,Sudeste,315230,Porto Firme
Minas Gerais,MG,Sudeste,315240,Poté
Minas Gerais,MG,Sudeste,315250,Pouso Alegre
Minas Gerais,MG,Sudeste,315260,Pouso Alto
Minas Gerais,MG,Sudeste,315270,Prados
Minas Gerais,MG,Sudeste,315280,Prata
Minas Gerais,MG,Sudeste,315290,Pratápolis
Minas Gerais,MG,Sudeste,315300,Pratinha
Minas Gerais,MG,Sudeste,315310,Presidente Bernardes
Minas Gerais,MG,Sudeste,315320,Presidente Juscelino
Minas Gerais,MG,Sudeste,315330,Presidente Kubitschek
Minas Gerais,MG,Sudeste,315340,Presidente Olegário
Minas Gerais,MG,Sudeste,315360,Prudente de Morais
Minas Gerais,MG,Sudeste,315370,Quartel Geral
Minas Gerais,MG,Sudeste,315380,Queluzito
Minas Gerais,MG,Sudeste,315390,Raposos
Minas Gerais,MG,Sudeste,315400,Raul Soares
Minas Gerais,MG,Sudeste,315410,Recreio
Minas Gerais,MG,Sudeste,315415,Reduto
Minas Gerais,MG,Sudeste,315420,Resende Costa
Minas Gerais,MG,Sudeste,315430,Resplendor
Minas Gerais,MG,Sudeste,315440,Ressaquinha
Minas Gerais,MG,Sudeste,315445,Riachinho
Minas Gerais,MG,Sudeste,315450,Riacho dos Machados
Minas Gerais,MG,Sudeste,315460,Ribeirão das Neves
Minas Gerais,MG,Sudeste,315470,Ribeirão Vermelho
Minas Gerais,MG,Sudeste,315480,Rio Acima
Minas Gerais,MG,Sudeste,315490,Rio Casca
Minas Gerais,MG,Sudeste,315510,Rio do Prado
Minas Gerais,MG,Sudeste,315500,Rio Doce
Minas Gerais,MG,Sudeste,315520,Rio Espera
Minas Gerais,MG,Sudeste,315530,Rio Manso
Minas Gerais,MG,Sudeste,315540,Rio Novo
Minas Gerais,MG,Sudeste,315550,Rio Paranaíba
Minas Gerais,MG,Sudeste,315560,Rio Pardo de Minas
Minas Gerais,MG,Sudeste,315570,Rio Piracicaba
Minas Gerais,MG,Sudeste,315580,Rio Pomba
Minas Gerais,MG,Sudeste,315590,Rio Preto
Minas Gerais,MG,Sudeste,315600,Rio Vermelho
Minas Gerais,MG,Sudeste,315610,Ritápolis
Minas Gerais,MG,Sudeste,315620,Rochedo de Minas
Minas Gerais,MG,Sudeste,315630,Rodeiro
Minas Gerais,MG,Sudeste,315640,Romaria
Minas Gerais,MG,Sudeste,315645,Rosário da Limeira
Minas Gerais,MG,Sudeste,315650,Rubelita
Minas Gerais,MG,Sudeste,315660,Rubim
Minas Gerais,MG,Sudeste,315670,Sabará
Minas Gerais,MG,Sudeste,315680,Sabinópolis
Minas Gerais,MG,Sudeste,315690,Sacramento
Minas Gerais,MG,Sudeste,315700,Salinas
Minas Gerais,MG,Sudeste,315710,Salto da Divisa
Minas Gerais,MG,Sudeste,315720,Santa Bárbara
Minas Gerais,MG,Sudeste,315725,Santa Bárbara do Leste
Minas Gerais,MG,Sudeste,315727,Santa Bárbara do Monte Verde
Minas Gerais,MG,Sudeste,315730,Santa Bárbara do Tugúrio
Minas Gerais,MG,Sudeste,315733,Santa Cruz de Minas
Minas Gerais,MG,Sudeste,315737,Santa Cruz de Salinas
Minas Gerais,MG,Sudeste,315740,Santa Cruz do Escalvado
Minas Gerais,MG,Sudeste,315750,Santa Efigênia de Minas
Minas Gerais,MG,Sudeste,315760,Santa Fé de Minas
Minas Gerais,MG,Sudeste,315765,Santa Helena de Minas
Minas Gerais,MG,Sudeste,315770,Santa Juliana
Minas Gerais,MG,Sudeste,315780,Santa Luzia
Minas Gerais,MG,Sudeste,315790,Santa Margarida
Minas Gerais,MG,Sudeste,315800,Santa Maria de Itabira
Minas Gerais,MG,Sudeste,315810,Santa Maria do Salto
Minas Gerais,MG,Sudeste,315820,Santa Maria do Suaçuí
Minas Gerais,MG,Sudeste,315920,Santa Rita de Caldas
Minas Gerais,MG,Sudeste,315940,Santa Rita de Ibitipoca
Minas Gerais,MG,Sudeste,315930,Santa Rita de Jacutinga
Minas Gerais,MG,Sudeste,315935,Santa Rita de Minas
Minas Gerais,MG,Sudeste,315950,Santa Rita do Itueto
Minas Gerais,MG,Sudeste,315960,Santa Rita do Sapucaí
Minas Gerais,MG,Sudeste,315970,Santa Rosa da Serra
Minas Gerais,MG,Sudeste,315980,Santa Vitória
Minas Gerais,MG,Sudeste,315830,Santana da Vargem
Minas Gerais,MG,Sudeste,315840,Santana de Cataguases
Minas Gerais,MG,Sudeste,315850,Santana de Pirapama
Minas Gerais,MG,Sudeste,315860,Santana do Deserto
Minas Gerais,MG,Sudeste,315870,Santana do Garambéu
Minas Gerais,MG,Sudeste,315880,Santana do Jacaré
Minas Gerais,MG,Sudeste,315890,Santana do Manhuaçu
Minas Gerais,MG,Sudeste,315895,Santana do Paraíso
Minas Gerais,MG,Sudeste,315900,Santana do Riacho
Minas Gerais,MG,Sudeste,315910,Santana dos Montes
Minas Gerais,MG,Sudeste,315990,Santo Antônio do Amparo
Minas Gerais,MG,Sudeste,316000,Santo Antônio do Aventureiro
Minas Gerais,MG,Sudeste,316010,Santo Antônio do Grama
Minas Gerais,MG,Sudeste,316020,Santo Antônio do Itambé
Minas Gerais,MG,Sudeste,316030,Santo Antônio do Jacinto
Minas Gerais,MG,Sudeste,316040,Santo Antônio do Monte
Minas Gerais,MG,Sudeste,316045,Santo Antônio do Retiro
Minas Gerais,MG,Sudeste,316050,Santo Antônio do Rio Abaixo
Minas Gerais,MG,Sudeste,316060,Santo Hipólito
Minas Gerais,MG,Sudeste,316070,Santos Dumont
Minas Gerais,MG,Sudeste,316080,São Bento Abade
Minas Gerais,MG,Sudeste,316090,São Brás do Suaçuí
Minas Gerais,MG,Sudeste,316095,São Domingos das Dores
Minas Gerais,MG,Sudeste,316100,São Domingos do Prata
Minas Gerais,MG,Sudeste,316105,São Félix de Minas
Minas Gerais,MG,Sudeste,316110,São Francisco
Minas Gerais,MG,Sudeste,316120,São Francisco de Paula
Minas Gerais,MG,Sudeste,316130,São Francisco de Sales
Minas Gerais,MG,Sudeste,316140,São Francisco do Glória
Minas Gerais,MG,Sudeste,316150,São Geraldo
Minas Gerais,MG,Sudeste,316160,São Geraldo da Piedade
Minas Gerais,MG,Sudeste,316165,São Geraldo do Baixio
Minas Gerais,MG,Sudeste,316170,São Gonçalo do Abaeté
Minas Gerais,MG,Sudeste,316180,São Gonçalo do Pará
Minas Gerais,MG,Sudeste,316190,São Gonçalo do Rio Abaixo
Minas Gerais,MG,Sudeste,312550,São Gonçalo do Rio Preto
Minas Gerais,MG,Sudeste,316200,São Gonçalo do Sapucaí
Minas Gerais,MG,Sudeste,316210,São Gotardo
Minas Gerais,MG,Sudeste,316220,São João Batista do Glória
Minas Gerais,MG,Sudeste,316225,São João da Lagoa
Minas Gerais,MG,Sudeste,316230,São João da Mata
Minas Gerais,MG,Sudeste,316240,São João da Ponte
Minas Gerais,MG,Sudeste,316245,São João das Missões
Minas Gerais,MG,Sudeste,316250,São João del Rei
Minas Gerais,MG,Sudeste,316255,São João do Manhuaçu
Minas Gerais,MG,Sudeste,316257,São João do Manteninha
Minas Gerais,MG,Sudeste,316260,São João do Oriente
Minas Gerais,MG,Sudeste,316265,São João do Pacuí
Minas Gerais,MG,Sudeste,316270,São João do Paraíso
Minas Gerais,MG,Sudeste,316280,São João Evangelista
Minas Gerais,MG,Sudeste,316290,São João Nepomuceno
Minas Gerais,MG,Sudeste,316292,São Joaquim de Bicas
Minas Gerais,MG,Sudeste,316294,São José da Barra
Minas Gerais,MG,Sudeste,316295,São José da Lapa
Minas Gerais,MG,Sudeste,316300,São José da Safira
Minas Gerais,MG,Sudeste,316310,São José da Varginha
Minas Gerais,MG,Sudeste,316320,São José do Alegre
Minas Gerais,MG,Sudeste,316330,São José do Divino
Minas Gerais,MG,Sudeste,316340,São José do Goiabal
Minas Gerais,MG,Sudeste,316350,São José do Jacuri
Minas Gerais,MG,Sudeste,316360,São José do Mantimento
Minas Gerais,MG,Sudeste,316370,São Lourenço
Minas Gerais,MG,Sudeste,316380,São Miguel do Anta
Minas Gerais,MG,Sudeste,316390,São Pedro da União
Minas Gerais,MG,Sudeste,316410,São Pedro do Suaçuí
Minas Gerais,MG,Sudeste,316400,São Pedro dos Ferros
Minas Gerais,MG,Sudeste,316420,São Romão
Minas Gerais,MG,Sudeste,316430,São Roque de Minas
Minas Gerais,MG,Sudeste,316440,São Sebastião da Bela Vista
Minas Gerais,MG,Sudeste,316443,São Sebastião da Vargem Alegre
Minas Gerais,MG,Sudeste,316447,São Sebastião do Anta
Minas Gerais,MG,Sudeste,316450,São Sebastião do Maranhão
Minas Gerais,MG,Sudeste,316460,São Sebastião do Oeste
Minas Gerais,MG,Sudeste,316470,São Sebastião do Paraíso
Minas Gerais,MG,Sudeste,316480,São Sebastião do Rio Preto
Minas Gerais,MG,Sudeste,316490,São Sebastião do Rio Verde
Minas Gerais,MG,Sudeste,316500,São Tiago
Minas Gerais,MG,Sudeste,316510,São Tomás de Aquino
Minas Gerais,MG,Sudeste,316520,São Tomé das Letras
Minas Gerais,MG,Sudeste,316530,São Vicente de Minas
Minas Gerais,MG,Sudeste,316540,Sapucaí-Mirim
Minas Gerais,MG,Sudeste,316550,Sardoá
Minas Gerais,MG,Sudeste,316553,Sarzedo
Minas Gerais,MG,Sudeste,316556,Sem-Peixe
Minas Gerais,MG,Sudeste,316557,Senador Amaral
Minas Gerais,MG,Sudeste,316560,Senador Cortes
Minas Gerais,MG,Sudeste,316570,Senador Firmino
Minas Gerais,MG,Sudeste,316580,Senador José Bento
Minas Gerais,MG,Sudeste,316590,Senador Modestino Gonçalves
Minas Gerais,MG,Sudeste,316600,Senhora de Oliveira
Minas Gerais,MG,Sudeste,316610,Senhora do Porto
Minas Gerais,MG,Sudeste,316620,Senhora dos Remédios
Minas Gerais,MG,Sudeste,316630,Sericita
Minas Gerais,MG,Sudeste,316640,Seritinga
Minas Gerais,MG,Sudeste,316650,Serra Azul de Minas
Minas Gerais,MG,Sudeste,316660,Serra da Saudade
Minas Gerais,MG,Sudeste,316680,Serra do Salitre
Minas Gerais,MG,Sudeste,316670,Serra dos Aimorés
Minas Gerais,MG,Sudeste,316690,Serrania
Minas Gerais,MG,Sudeste,316695,Serranópolis de Minas
Minas Gerais,MG,Sudeste,316700,Serranos
Minas Gerais,MG,Sudeste,316710,Serro
Minas Gerais,MG,Sudeste,316720,Sete Lagoas
Minas Gerais,MG,Sudeste,316555,Setubinha
Minas Gerais,MG,Sudeste,316730,Silveirânia
Minas Gerais,MG,Sudeste,316740,Silvianópolis
Minas Gerais,MG,Sudeste,316750,Simão Pereira
Minas Gerais,MG,Sudeste,316760,Simonésia
Minas Gerais,MG,Sudeste,316770,Sobrália
Minas Gerais,MG,Sudeste,316780,Soledade de Minas
Minas Gerais,MG,Sudeste,316790,Tabuleiro
Minas Gerais,MG,Sudeste,316800,Taiobeiras
Minas Gerais,MG,Sudeste,316805,Taparuba
Minas Gerais,MG,Sudeste,316810,Tapira
Minas Gerais,MG,Sudeste,316820,Tapiraí
Minas Gerais,MG,Sudeste,316830,Taquaraçu de Minas
Minas Gerais,MG,Sudeste,316840,Tarumirim
Minas Gerais,MG,Sudeste,316850,Teixeiras
Minas Gerais,MG,Sudeste,316860,Teófilo Otoni
Minas Gerais,MG,Sudeste,316870,Timóteo
Minas Gerais,MG,Sudeste,316880,Tiradentes
Minas Gerais,MG,Sudeste,316890,Tiros
Minas Gerais,MG,Sudeste,316900,Tocantins
Minas Gerais,MG,Sudeste,316905,Tocos do Moji
Minas Gerais,MG,Sudeste,316910,Toledo
Minas Gerais,MG,Sudeste,316920,Tombos
Minas Gerais,MG,Sudeste,316930,Três Corações
Minas Gerais,MG,Sudeste,316935,Três Marias
Minas Gerais,MG,Sudeste,316940,Três Pontas
Minas Gerais,MG,Sudeste,316950,Tumiritinga
Minas Gerais,MG,Sudeste,316960,Tupaciguara
Minas Gerais,MG,Sudeste,316970,Turmalina
Minas Gerais,MG,Sudeste,316980,Turvolândia
Minas Gerais,MG,Sudeste,316990,Ubá
Minas Gerais,MG,Sudeste,317000,Ubaí
Minas Gerais,MG,Sudeste,317005,Ubaporanga
Minas Gerais,MG,Sudeste,317010,Uberaba
Minas Gerais,MG,Sudeste,317020,Uberlândia
Minas Gerais,MG,Sudeste,317030,Umburatiba
Minas Gerais,MG,Sudeste,317040,Unaí
Minas Gerais,MG,Sudeste,317043,União de Minas
Minas Gerais,MG,Sudeste,317047,Uruana de Minas
Minas Gerais,MG,Sudeste,317050,Urucânia
Minas Gerais,MG,Sudeste,317052,Urucuia
Minas Gerais,MG,Sudeste,317057,Vargem Alegre
Minas Gerais,MG,Sudeste,317060,Vargem Bonita
Minas Gerais,MG,Sudeste,317065,Vargem Grande do Rio Pardo
Minas Gerais,MG,Sudeste,317070,Varginha
Minas Gerais,MG,Sudeste,317075,Varjão de Minas
Minas Gerais,MG,Sudeste,317080,Várzea da Palma
Minas Gerais,MG,Sudeste,317090,Varzelândia
Minas Gerais,MG,Sudeste,317100,Vazante
Minas Gerais,MG,Sudeste,317103,Verdelândia
Minas Gerais,MG,Sudeste,317107,Veredinha
Minas Gerais,MG,Sudeste,317110,Veríssimo
Minas Gerais,MG,Sudeste,317115,Vermelho Novo
Minas Gerais,MG,Sudeste,317120,Vespasiano
Minas Gerais,MG,Sudeste,317130,Viçosa
Minas Gerais,MG,Sudeste,317140,Vieiras
Minas Gerais,MG,Sudeste,317160,Virgem da Lapa
Minas Gerais,MG,Sudeste,317170,Virgínia
Minas Gerais,MG,Sudeste,317180,Virginópolis
Minas Gerais,MG,Sudeste,317190,Virgolândia
Minas Gerais,MG,Sudeste,317200,Visconde do Rio Branco
Minas Gerais,MG,Sudeste,317210,Volta Grande
Minas Gerais,MG,Sudeste,317220,Wenceslau Braz
Ceará,CE,Nordeste,230010,Abaiara
Ceará,CE,Nordeste,230015,Acarape
Ceará,CE,Nordeste,230020,Acaraú
Ceará,CE,Nordeste,230030,Acopiara
Ceará,CE,Nordeste,230040,Aiuaba
Ceará,CE,Nordeste,230050,Alcântaras
Ceará,CE,Nordeste,230060,Altaneira
Ceará,CE,Nordeste,230070,Alto Santo
Ceará,CE,Nordeste,230075,Amontada
Ceará,CE,Nordeste,230080,Antonina do Norte
Ceará,CE,Nordeste,230090,Apuiarés
Ceará,CE,Nordeste,230100,Aquiraz
Ceará,CE,Nordeste,230110,Aracati
Ceará,CE,Nordeste,230120,Aracoiaba
Ceará,CE,Nordeste,230125,Ararendá
Ceará,CE,Nordeste,230130,Araripe
Ceará,CE,Nordeste,230140,Aratuba
Ceará,CE,Nordeste,230150,Arneiroz
Ceará,CE,Nordeste,230160,Assaré
Ceará,CE,Nordeste,230170,Aurora
Ceará,CE,Nordeste,230180,Baixio
Ceará,CE,Nordeste,230185,Banabuiú
Ceará,CE,Nordeste,230190,Barbalha
Ceará,CE,Nordeste,230195,Barreira
Ceará,CE,Nordeste,230200,Barro
Ceará,CE,Nordeste,230205,Barroquinha
Ceará,CE,Nordeste,230210,Baturité
Ceará,CE,Nordeste,230220,Beberibe
Ceará,CE,Nordeste,230230,Bela Cruz
Ceará,CE,Nordeste,230240,Boa Viagem
Ceará,CE,Nordeste,230250,Brejo Santo
Ceará,CE,Nordeste,230260,Camocim
Ceará,CE,Nordeste,230270,Campos Sales
Ceará,CE,Nordeste,230280,Canindé
Ceará,CE,Nordeste,230290,Capistrano
Ceará,CE,Nordeste,230300,Caridade
Ceará,CE,Nordeste,230310,Cariré
Ceará,CE,Nordeste,230320,Caririaçu
Ceará,CE,Nordeste,230330,Cariús
Ceará,CE,Nordeste,230340,Carnaubal
Ceará,CE,Nordeste,230350,Cascavel
Ceará,CE,Nordeste,230360,Catarina
Ceará,CE,Nordeste,230365,Catunda
Ceará,CE,Nordeste,230370,Caucaia
Ceará,CE,Nordeste,230380,Cedro
Ceará,CE,Nordeste,230390,Chaval
Ceará,CE,Nordeste,230393,Choró
Ceará,CE,Nordeste,230395,Chorozinho
Ceará,CE,Nordeste,230400,Coreaú
Ceará,CE,Nordeste,230410,Crateús
Ceará,CE,Nordeste,230420,Crato
Ceará,CE,Nordeste,230423,Croatá
Ceará,CE,Nordeste,230425,Cruz
Ceará,CE,Nordeste,230426,Deputado Irapuan Pinheiro
Ceará,CE,Nordeste,230427,Ereré
Ceará,CE,Nordeste,230428,Eusébio
Ceará,CE,Nordeste,230430,Farias Brito
Ceará,CE,Nordeste,230435,Forquilha
Ceará,CE,Nordeste,230440,Fortaleza
Ceará,CE,Nordeste,230445,Fortim
Ceará,CE,Nordeste,230450,Frecheirinha
Ceará,CE,Nordeste,230460,General Sampaio
Ceará,CE,Nordeste,230465,Graça
Ceará,CE,Nordeste,230470,Granja
Ceará,CE,Nordeste,230480,Granjeiro
Ceará,CE,Nordeste,230490,Groaíras
Ceará,CE,Nordeste,230495,Guaiúba
Ceará,CE,Nordeste,230500,Guaraciaba do Norte
Ceará,CE,Nordeste,230510,Guaramiranga
Ceará,CE,Nordeste,230520,Hidrolândia
Ceará,CE,Nordeste,230523,Horizonte
Ceará,CE,Nordeste,230526,Ibaretama
Ceará,CE,Nordeste,230530,Ibiapina
Ceará,CE,Nordeste,230533,Ibicuitinga
Ceará,CE,Nordeste,230535,Icapuí
Ceará,CE,Nordeste,230540,Icó
Ceará,CE,Nordeste,230550,Iguatu
Ceará,CE,Nordeste,230560,Independência
Ceará,CE,Nordeste,230565,Ipaporanga
Ceará,CE,Nordeste,230570,Ipaumirim
Ceará,CE,Nordeste,230580,Ipu
Ceará,CE,Nordeste,230590,Ipueiras
Ceará,CE,Nordeste,230600,Iracema
Ceará,CE,Nordeste,230610,Irauçuba
Ceará,CE,Nordeste,230620,Itaiçaba
Ceará,CE,Nordeste,230625,Itaitinga
Ceará,CE,Nordeste,230630,Itapajé
Ceará,CE,Nordeste,230640,Itapipoca
Ceará,CE,Nordeste,230650,Itapiúna
Ceará,CE,Nordeste,230655,Itarema
Ceará,CE,Nordeste,230660,Itatira
Ceará,CE,Nordeste,230670,Jaguaretama
Ceará,CE,Nordeste,230680,Jaguaribara
Ceará,CE,Nordeste,230690,Jaguaribe
Ceará,CE,Nordeste,230700,Jaguaruana
Ceará,CE,Nordeste,230710,Jardim
Ceará,CE,Nordeste,230720,Jati
Ceará,CE,Nordeste,230725,Jijoca de Jericoacoara
Ceará,CE,Nordeste,230730,Juazeiro do Norte
Ceará,CE,Nordeste,230740,Jucás
Ceará,CE,Nordeste,230750,Lavras da Mangabeira
Ceará,CE,Nordeste,230760,Limoeiro do Norte
Ceará,CE,Nordeste,230763,Madalena
Ceará,CE,Nordeste,230765,Maracanaú
Ceará,CE,Nordeste,230770,Maranguape
Ceará,CE,Nordeste,230780,Marco
Ceará,CE,Nordeste,230790,Martinópole
Ceará,CE,Nordeste,230800,Massapê
Ceará,CE,Nordeste,230810,Mauriti
Ceará,CE,Nordeste,230820,Meruoca
Ceará,CE,Nordeste,230830,Milagres
Ceará,CE,Nordeste,230835,Milhã
Ceará,CE,Nordeste,230837,Miraíma
Ceará,CE,Nordeste,230840,Missão Velha
Ceará,CE,Nordeste,230850,Mombaça
Ceará,CE,Nordeste,230860,Monsenhor Tabosa
Ceará,CE,Nordeste,230870,Morada Nova
Ceará,CE,Nordeste,230880,Moraújo
Ceará,CE,Nordeste,230890,Morrinhos
Ceará,CE,Nordeste,230900,Mucambo
Ceará,CE,Nordeste,230910,Mulungu
Ceará,CE,Nordeste,230920,Nova Olinda
Ceará,CE,Nordeste,230930,Nova Russas
Ceará,CE,Nordeste,230940,Novo Oriente
Ceará,CE,Nordeste,230945,Ocara
Ceará,CE,Nordeste,230950,Orós
Ceará,CE,Nordeste,230960,Pacajus
Ceará,CE,Nordeste,230970,Pacatuba
Ceará,CE,Nordeste,230980,Pacoti
Ceará,CE,Nordeste,230990,Pacujá
Ceará,CE,Nordeste,231000,Palhano
Ceará,CE,Nordeste,231010,Palmácia
Ceará,CE,Nordeste,231020,Paracuru
Ceará,CE,Nordeste,231025,Paraipaba
Ceará,CE,Nordeste,231030,Parambu
Ceará,CE,Nordeste,231040,Paramoti
Ceará,CE,Nordeste,231050,Pedra Branca
Ceará,CE,Nordeste,231060,Penaforte
Ceará,CE,Nordeste,231070,Pentecoste
Ceará,CE,Nordeste,231080,Pereiro
Ceará,CE,Nordeste,231085,Pindoretama
Ceará,CE,Nordeste,231090,Piquet Carneiro
Ceará,CE,Nordeste,231095,Pires Ferreira
Ceará,CE,Nordeste,231100,Poranga
Ceará,CE,Nordeste,231110,Porteiras
Ceará,CE,Nordeste,231120,Potengi
Ceará,CE,Nordeste,231123,Potiretama
Ceará,CE,Nordeste,231126,Quiterianópolis
Ceará,CE,Nordeste,231130,Quixadá
Ceará,CE,Nordeste,231135,Quixelô
Ceará,CE,Nordeste,231140,Quixeramobim
Ceará,CE,Nordeste,231150,Quixeré
Ceará,CE,Nordeste,231160,Redenção
Ceará,CE,Nordeste,231170,Reriutaba
Ceará,CE,Nordeste,231180,Russas
Ceará,CE,Nordeste,231190,Saboeiro
Ceará,CE,Nordeste,231195,Salitre
Ceará,CE,Nordeste,231220,Santa Quitéria
Ceará,CE,Nordeste,231200,Santana do Acaraú
Ceará,CE,Nordeste,231210,Santana do Cariri
Ceará,CE,Nordeste,231230,São Benedito
Ceará,CE,Nordeste,231240,São Gonçalo do Amarante
Ceará,CE,Nordeste,231250,São João do Jaguaribe
Ceará,CE,Nordeste,231260,São Luís do Curu
Ceará,CE,Nordeste,231270,Senador Pompeu
Ceará,CE,Nordeste,231280,Senador Sá
Ceará,CE,Nordeste,231290,Sobral
Ceará,CE,Nordeste,231300,Solonópole
Ceará,CE,Nordeste,231310,Tabuleiro do Norte
Ceará,CE,Nordeste,231320,Tamboril
Ceará,CE,Nordeste,231325,Tarrafas
Ceará,CE,Nordeste,231330,Tauá
Ceará,CE,Nordeste,231335,Tejuçuoca
Ceará,CE,Nordeste,231340,Tianguá
Ceará,CE,Nordeste,231350,Trairi
Ceará,CE,Nordeste,231355,Tururu
Ceará,CE,Nordeste,231360,Ubajara
Ceará,CE,Nordeste,231370,Umari
Ceará,CE,Nordeste,231375,Umirim
Ceará,CE,Nordeste,231380,Uruburetama
Ceará,CE,Nordeste,231390,Uruoca
Ceará,CE,Nordeste,231395,Varjota
Ceará,CE,Nordeste,231400,Várzea Alegre
Ceará,CE,Nordeste,231410,Viçosa do Ceará
Goiás,GO,Centro-Oeste,520005,Abadia de Goiás
Goiás,GO,Centro-Oeste,520010,Abadiânia
Goiás,GO,Centro-Oeste,520013,Acreúna
Goiás,GO,Centro-Oeste,520015,Adelândia
Goiás,GO,Centro-Oeste,520017,Água Fria de Goiás
Goiás,GO,Centro-Oeste,520020,Água Limpa
Goiás,GO,Centro-Oeste,520025,Águas Lindas de Goiás
Goiás,GO,Centro-Oeste,520030,Alexânia
Goiás,GO,Centro-Oeste,520050,Aloândia
Goiás,GO,Centro-Oeste,520055,Alto Horizonte
Goiás,GO,Centro-Oeste,520060,Alto Paraíso de Goiás
Goiás,GO,Centro-Oeste,520080,Alvorada do Norte
Goiás,GO,Centro-Oeste,520082,Amaralina
Goiás,GO,Centro-Oeste,520085,Americano do Brasil
Goiás,GO,Centro-Oeste,520090,Amorinópolis
Goiás,GO,Centro-Oeste,520110,Anápolis
Goiás,GO,Centro-Oeste,520120,Anhanguera
Goiás,GO,Centro-Oeste,520130,Anicuns
Goiás,GO,Centro-Oeste,520140,Aparecida de Goiânia
Goiás,GO,Centro-Oeste,520145,Aparecida do Rio Doce
Goiás,GO,Centro-Oeste,520150,Aporé
Goiás,GO,Centro-Oeste,520160,Araçu
Goiás,GO,Centro-Oeste,520170,Aragarças
Goiás,GO,Centro-Oeste,520180,Aragoiânia
Goiás,GO,Centro-Oeste,520215,Araguapaz
Goiás,GO,Centro-Oeste,520235,Arenópolis
Goiás,GO,Centro-Oeste,520250,Aruanã
Goiás,GO,Centro-Oeste,520260,Aurilândia
Goiás,GO,Centro-Oeste,520280,Avelinópolis
Goiás,GO,Centro-Oeste,520310,Baliza
Goiás,GO,Centro-Oeste,520320,Barro Alto
Goiás,GO,Centro-Oeste,520330,Bela Vista de Goiás
Goiás,GO,Centro-Oeste,520340,Bom Jardim de Goiás
Goiás,GO,Centro-Oeste,520350,Bom Jesus de Goiás
Goiás,GO,Centro-Oeste,520355,Bonfinópolis
Goiás,GO,Centro-Oeste,520357,Bonópolis
Goiás,GO,Centro-Oeste,520360,Brazabrantes
Goiás,GO,Centro-Oeste,520380,Britânia
Goiás,GO,Centro-Oeste,520390,Buriti Alegre
Goiás,GO,Centro-Oeste,520393,Buriti de Goiás
Goiás,GO,Centro-Oeste,520396,Buritinópolis
Goiás,GO,Centro-Oeste,520400,Cabeceiras
Goiás,GO,Centro-Oeste,520410,Cachoeira Alta
Goiás,GO,Centro-Oeste,520420,Cachoeira de Goiás
Goiás,GO,Centro-Oeste,520425,Cachoeira Dourada
Goiás,GO,Centro-Oeste,520430,Caçu
Goiás,GO,Centro-Oeste,520440,Caiapônia
Goiás,GO,Centro-Oeste,520450,Caldas Novas
Goiás,GO,Centro-Oeste,520455,Caldazinha
Goiás,GO,Centro-Oeste,520460,Campestre de Goiás
Goiás,GO,Centro-Oeste,520465,Campinaçu
Goiás,GO,Centro-Oeste,520470,Campinorte
Goiás,GO,Centro-Oeste,520480,Campo Alegre de Goiás
Goiás,GO,Centro-Oeste,520485,Campo Limpo de Goiás
Goiás,GO,Centro-Oeste,520490,Campos Belos
Goiás,GO,Centro-Oeste,520495,Campos Verdes
Goiás,GO,Centro-Oeste,520500,Carmo do Rio Verde
Goiás,GO,Centro-Oeste,520505,Castelândia
Goiás,GO,Centro-Oeste,520510,Catalão
Goiás,GO,Centro-Oeste,520520,Caturaí
Goiás,GO,Centro-Oeste,520530,Cavalcante
Goiás,GO,Centro-Oeste,520540,Ceres
Goiás,GO,Centro-Oeste,520545,Cezarina
Goiás,GO,Centro-Oeste,520547,Chapadão do Céu
Goiás,GO,Centro-Oeste,520549,Cidade Ocidental
Goiás,GO,Centro-Oeste,520551,Cocalzinho de Goiás
Goiás,GO,Centro-Oeste,520552,Colinas do Sul
Goiás,GO,Centro-Oeste,520570,Córrego do Ouro
Goiás,GO,Centro-Oeste,520580,Corumbá de Goiás
Goiás,GO,Centro-Oeste,520590,Corumbaíba
Goiás,GO,Centro-Oeste,520620,Cristalina
Goiás,GO,Centro-Oeste,520630,Cristianópolis
Goiás,GO,Centro-Oeste,520640,Crixás
Goiás,GO,Centro-Oeste,520650,Cromínia
Goiás,GO,Centro-Oeste,520660,Cumari
Goiás,GO,Centro-Oeste,520670,Damianópolis
Goiás,GO,Centro-Oeste,520680,Damolândia
Goiás,GO,Centro-Oeste,520690,Davinópolis
Goiás,GO,Centro-Oeste,520710,Diorama
Goiás,GO,Centro-Oeste,520830,Divinópolis de Goiás
Goiás,GO,Centro-Oeste,520725,Doverlândia
Goiás,GO,Centro-Oeste,520735,Edealina
Goiás,GO,Centro-Oeste,520740,Edéia
Goiás,GO,Centro-Oeste,520750,Estrela do Norte
Goiás,GO,Centro-Oeste,520753,Faina
Goiás,GO,Centro-Oeste,520760,Fazenda Nova
Goiás,GO,Centro-Oeste,520780,Firminópolis
Goiás,GO,Centro-Oeste,520790,Flores de Goiás
Goiás,GO,Centro-Oeste,520800,Formosa
Goiás,GO,Centro-Oeste,520810,Formoso
Goiás,GO,Centro-Oeste,520815,Gameleira de Goiás
Goiás,GO,Centro-Oeste,520840,Goianápolis
Goiás,GO,Centro-Oeste,520850,Goiandira
Goiás,GO,Centro-Oeste,520860,Goianésia
Goiás,GO,Centro-Oeste,520870,Goiânia
Goiás,GO,Centro-Oeste,520880,Goianira
Goiás,GO,Centro-Oeste,520890,Goiás
Goiás,GO,Centro-Oeste,520910,Goiatuba
Goiás,GO,Centro-Oeste,520915,Gouvelândia
Goiás,GO,Centro-Oeste,520920,Guapó
Goiás,GO,Centro-Oeste,520929,Guaraíta
Goiás,GO,Centro-Oeste,520940,Guarani de Goiás
Goiás,GO,Centro-Oeste,520945,Guarinos
Goiás,GO,Centro-Oeste,520960,Heitoraí
Goiás,GO,Centro-Oeste,520970,Hidrolândia
Goiás,GO,Centro-Oeste,520980,Hidrolina
Goiás,GO,Centro-Oeste,520990,Iaciara
Goiás,GO,Centro-Oeste,520993,Inaciolândia
Goiás,GO,Centro-Oeste,520995,Indiara
Goiás,GO,Centro-Oeste,521000,Inhumas
Goiás,GO,Centro-Oeste,521010,Ipameri
Goiás,GO,Centro-Oeste,521015,Ipiranga de Goiás
Goiás,GO,Centro-Oeste,521020,Iporá
Goiás,GO,Centro-Oeste,521030,Israelândia
Goiás,GO,Centro-Oeste,521040,Itaberaí
Goiás,GO,Centro-Oeste,521056,Itaguari
Goiás,GO,Centro-Oeste,521060,Itaguaru
Goiás,GO,Centro-Oeste,521080,Itajá
Goiás,GO,Centro-Oeste,521090,Itapaci
Goiás,GO,Centro-Oeste,521100,Itapirapuã
Goiás,GO,Centro-Oeste,521120,Itapuranga
Goiás,GO,Centro-Oeste,521130,Itarumã
Goiás,GO,Centro-Oeste,521140,Itauçu
Goiás,GO,Centro-Oeste,521150,Itumbiara
Goiás,GO,Centro-Oeste,521160,Ivolândia
Goiás,GO,Centro-Oeste,521170,Jandaia
Goiás,GO,Centro-Oeste,521180,Jaraguá
Goiás,GO,Centro-Oeste,521190,Jataí
Goiás,GO,Centro-Oeste,521200,Jaupaci
Goiás,GO,Centro-Oeste,521205,Jesúpolis
Goiás,GO,Centro-Oeste,521210,Joviânia
Goiás,GO,Centro-Oeste,521220,Jussara
Goiás,GO,Centro-Oeste,521225,Lagoa Santa
Goiás,GO,Centro-Oeste,521230,Leopoldo de Bulhões
Goiás,GO,Centro-Oeste,521250,Luziânia
Goiás,GO,Centro-Oeste,521260,Mairipotaba
Goiás,GO,Centro-Oeste,521270,Mambaí
Goiás,GO,Centro-Oeste,521280,Mara Rosa
Goiás,GO,Centro-Oeste,521290,Marzagão
Goiás,GO,Centro-Oeste,521295,Matrinchã
Goiás,GO,Centro-Oeste,521300,Maurilândia
Goiás,GO,Centro-Oeste,521305,Mimoso de Goiás
Goiás,GO,Centro-Oeste,521308,Minaçu
Goiás,GO,Centro-Oeste,521310,Mineiros
Goiás,GO,Centro-Oeste,521340,Moiporá
Goiás,GO,Centro-Oeste,521350,Monte Alegre de Goiás
Goiás,GO,Centro-Oeste,521370,Montes Claros de Goiás
Goiás,GO,Centro-Oeste,521375,Montividiu
Goiás,GO,Centro-Oeste,521377,Montividiu do Norte
Goiás,GO,Centro-Oeste,521380,Morrinhos
Goiás,GO,Centro-Oeste,521385,Morro Agudo de Goiás
Goiás,GO,Centro-Oeste,521390,Mossâmedes
Goiás,GO,Centro-Oeste,521400,Mozarlândia
Goiás,GO,Centro-Oeste,521405,Mundo Novo
Goiás,GO,Centro-Oeste,521410,Mutunópolis
Goiás,GO,Centro-Oeste,521440,Nazário
Goiás,GO,Centro-Oeste,521450,Nerópolis
Goiás,GO,Centro-Oeste,521460,Niquelândia
Goiás,GO,Centro-Oeste,521470,Nova América
Goiás,GO,Centro-Oeste,521480,Nova Aurora
Goiás,GO,Centro-Oeste,521483,Nova Crixás
Goiás,GO,Centro-Oeste,521486,Nova Glória
Goiás,GO,Centro-Oeste,521487,Nova Iguaçu de Goiás
Goiás,GO,Centro-Oeste,521490,Nova Roma
Goiás,GO,Centro-Oeste,521500,Nova Veneza
Goiás,GO,Centro-Oeste,521520,Novo Brasil
Goiás,GO,Centro-Oeste,521523,Novo Gama
Goiás,GO,Centro-Oeste,521525,Novo Planalto
Goiás,GO,Centro-Oeste,521530,Orizona
Goiás,GO,Centro-Oeste,521540,Ouro Verde de Goiás
Goiás,GO,Centro-Oeste,521550,Ouvidor
Goiás,GO,Centro-Oeste,521560,Padre Bernardo
Goiás,GO,Centro-Oeste,521565,Palestina de Goiás
Goiás,GO,Centro-Oeste,521570,Palmeiras de Goiás
Goiás,GO,Centro-Oeste,521580,Palmelo
Goiás,GO,Centro-Oeste,521590,Palminópolis
Goiás,GO,Centro-Oeste,521600,Panamá
Goiás,GO,Centro-Oeste,521630,Paranaiguara
Goiás,GO,Centro-Oeste,521640,Paraúna
Goiás,GO,Centro-Oeste,521645,Perolândia
Goiás,GO,Centro-Oeste,521680,Petrolina de Goiás
Goiás,GO,Centro-Oeste,521690,Pilar de Goiás
Goiás,GO,Centro-Oeste,521710,Piracanjuba
Goiás,GO,Centro-Oeste,521720,Piranhas
Goiás,GO,Centro-Oeste,521730,Pirenópolis
Goiás,GO,Centro-Oeste,521740,Pires do Rio
Goiás,GO,Centro-Oeste,521760,Planaltina
Goiás,GO,Centro-Oeste,521770,Pontalina
Goiás,GO,Centro-Oeste,521800,Porangatu
Goiás,GO,Centro-Oeste,521805,Porteirão
Goiás,GO,Centro-Oeste,521810,Portelândia
Goiás,GO,Centro-Oeste,521830,Posse
Goiás,GO,Centro-Oeste,521839,Professor Jamil
Goiás,GO,Centro-Oeste,521850,Quirinópolis
Goiás,GO,Centro-Oeste,521860,Rialma
Goiás,GO,Centro-Oeste,521870,Rianápolis
Goiás,GO,Centro-Oeste,521878,Rio Quente
Goiás,GO,Centro-Oeste,521880,Rio Verde
Goiás,GO,Centro-Oeste,521890,Rubiataba
Goiás,GO,Centro-Oeste,521900,Sanclerlândia
Goiás,GO,Centro-Oeste,521910,Santa Bárbara de Goiás
Goiás,GO,Centro-Oeste,521920,Santa Cruz de Goiás
Goiás,GO,Centro-Oeste,521925,Santa Fé de Goiás
Goiás,GO,Centro-Oeste,521930,Santa Helena de Goiás
Goiás,GO,Centro-Oeste,521935,Santa Isabel
Goiás,GO,Centro-Oeste,521940,Santa Rita do Araguaia
Goiás,GO,Centro-Oeste,521945,Santa Rita do Novo Destino
Goiás,GO,Centro-Oeste,521950,Santa Rosa de Goiás
Goiás,GO,Centro-Oeste,521960,Santa Tereza de Goiás
Goiás,GO,Centro-Oeste,521970,Santa Terezinha de Goiás
Goiás,GO,Centro-Oeste,521971,Santo Antônio da Barra
Goiás,GO,Centro-Oeste,521973,Santo Antônio de Goiás
Goiás,GO,Centro-Oeste,521975,Santo Antônio do Descoberto
Goiás,GO,Centro-Oeste,521980,São Domingos
Goiás,GO,Centro-Oeste,521990,São Francisco de Goiás
Goiás,GO,Centro-Oeste,522005,São João da Paraúna
Goiás,GO,Centro-Oeste,522000,São João d'Aliança
Goiás,GO,Centro-Oeste,522010,São Luís de Montes Belos
Goiás,GO,Centro-Oeste,522015,São Luiz do Norte
Goiás,GO,Centro-Oeste,522020,São Miguel do Araguaia
Goiás,GO,Centro-Oeste,522026,São Miguel do Passa Quatro
Goiás,GO,Centro-Oeste,522028,São Patrício
Goiás,GO,Centro-Oeste,522040,São Simão
Goiás,GO,Centro-Oeste,522045,Senador Canedo
Goiás,GO,Centro-Oeste,522050,Serranópolis
Goiás,GO,Centro-Oeste,522060,Silvânia
Goiás,GO,Centro-Oeste,522068,Simolândia
Goiás,GO,Centro-Oeste,522070,Sítio d'Abadia
Goiás,GO,Centro-Oeste,522100,Taquaral de Goiás
Goiás,GO,Centro-Oeste,522108,Teresina de Goiás
Goiás,GO,Centro-Oeste,522119,Terezópolis de Goiás
Goiás,GO,Centro-Oeste,522130,Três Ranchos
Goiás,GO,Centro-Oeste,522140,Trindade
Goiás,GO,Centro-Oeste,522145,Trombas
Goiás,GO,Centro-Oeste,522150,Turvânia
Goiás,GO,Centro-Oeste,522155,Turvelândia
Goiás,GO,Centro-Oeste,522157,Uirapuru
Goiás,GO,Centro-Oeste,522160,Uruaçu
Goiás,GO,Centro-Oeste,522170,Uruana
Goiás,GO,Centro-Oeste,522180,Urutaí
Goiás,GO,Centro-Oeste,522185,Valparaíso de Goiás
Goiás,GO,Centro-Oeste,522190,Varjão
Goiás,GO,Centro-Oeste,522200,Vianópolis
Goiás,GO,Centro-Oeste,522205,Vicentinópolis
Goiás,GO,Centro-Oeste,522220,Vila Boa
Goiás,GO,Centro-Oeste,522230,Vila Propício
Rio Grande do Norte,RN,Nordeste,240010,Acari
Rio Grande do Norte,RN,Nordeste,240030,Afonso Bezerra
Rio Grande do Norte,RN,Nordeste,240040,Água Nova
Rio Grande do Norte,RN,Nordeste,240050,Alexandria
Rio Grande do Norte,RN,Nordeste,240060,Almino Afonso
Rio Grande do Norte,RN,Nordeste,240070,Alto do Rodrigues
Rio Grande do Norte,RN,Nordeste,240080,Angicos
Rio Grande do Norte,RN,Nordeste,240090,Antônio Martins
Rio Grande do Norte,RN,Nordeste,240100,Apodi
Rio Grande do Norte,RN,Nordeste,240110,Areia Branca
Rio Grande do Norte,RN,Nordeste,240120,Arez
Rio Grande do Norte,RN,Nordeste,240020,Assú
Rio Grande do Norte,RN,Nordeste,240140,Baía Formosa
Rio Grande do Norte,RN,Nordeste,240145,Baraúna
Rio Grande do Norte,RN,Nordeste,240150,Barcelona
Rio Grande do Norte,RN,Nordeste,240160,Bento Fernandes
Rio Grande do Norte,RN,Nordeste,240165,Bodó
Rio Grande do Norte,RN,Nordeste,240170,Bom Jesus
Rio Grande do Norte,RN,Nordeste,240180,Brejinho
Rio Grande do Norte,RN,Nordeste,240185,Caiçara do Norte
Rio Grande do Norte,RN,Nordeste,240190,Caiçara do Rio do Vento
Rio Grande do Norte,RN,Nordeste,240200,Caicó
Rio Grande do Norte,RN,Nordeste,240130,Campo Grande
Rio Grande do Norte,RN,Nordeste,240210,Campo Redondo
Rio Grande do Norte,RN,Nordeste,240220,Canguaretama
Rio Grande do Norte,RN,Nordeste,240230,Caraúbas
Rio Grande do Norte,RN,Nordeste,240240,Carnaúba dos Dantas
Rio Grande do Norte,RN,Nordeste,240250,Carnaubais
Rio Grande do Norte,RN,Nordeste,240260,Ceará-Mirim
Rio Grande do Norte,RN,Nordeste,240270,Cerro Corá
Rio Grande do Norte,RN,Nordeste,240280,Coronel Ezequiel
Rio Grande do Norte,RN,Nordeste,240290,Coronel João Pessoa
Rio Grande do Norte,RN,Nordeste,240300,Cruzeta
Rio Grande do Norte,RN,Nordeste,240310,Currais Novos
Rio Grande do Norte,RN,Nordeste,240320,Doutor Severiano
Rio Grande do Norte,RN,Nordeste,240330,Encanto
Rio Grande do Norte,RN,Nordeste,240340,Equador
Rio Grande do Norte,RN,Nordeste,240350,Espírito Santo
Rio Grande do Norte,RN,Nordeste,240360,Extremoz
Rio Grande do Norte,RN,Nordeste,240370,Felipe Guerra
Rio Grande do Norte,RN,Nordeste,240375,Fernando Pedroza
Rio Grande do Norte,RN,Nordeste,240380,Florânia
Rio Grande do Norte,RN,Nordeste,240390,Francisco Dantas
Rio Grande do Norte,RN,Nordeste,240400,Frutuoso Gomes
Rio Grande do Norte,RN,Nordeste,240410,Galinhos
Rio Grande do Norte,RN,Nordeste,240420,Goianinha
Rio Grande do Norte,RN,Nordeste,240430,Governador Dix-Sept Rosado
Rio Grande do Norte,RN,Nordeste,240440,Grossos
Rio Grande do Norte,RN,Nordeste,240450,Guamaré
Rio Grande do Norte,RN,Nordeste,240460,Ielmo Marinho
Rio Grande do Norte,RN,Nordeste,240470,Ipanguaçu
Rio Grande do Norte,RN,Nordeste,240480,Ipueira
Rio Grande do Norte,RN,Nordeste,240485,Itajá
Rio Grande do Norte,RN,Nordeste,240490,Itaú
Rio Grande do Norte,RN,Nordeste,240500,Jaçanã
Rio Grande do Norte,RN,Nordeste,240510,Jandaíra
Rio Grande do Norte,RN,Nordeste,240520,Janduís
Rio Grande do Norte,RN,Nordeste,240530,Januário Cicco
Rio Grande do Norte,RN,Nordeste,240540,Japi
Rio Grande do Norte,RN,Nordeste,240550,Jardim de Angicos
Rio Grande do Norte,RN,Nordeste,240560,Jardim de Piranhas
Rio Grande do Norte,RN,Nordeste,240570,Jardim do Seridó
Rio Grande do Norte,RN,Nordeste,240580,João Câmara
Rio Grande do Norte,RN,Nordeste,240590,João Dias
Rio Grande do Norte,RN,Nordeste,240600,José da Penha
Rio Grande do Norte,RN,Nordeste,240610,Jucurutu
Rio Grande do Norte,RN,Nordeste,240615,Jundiá
Rio Grande do Norte,RN,Nordeste,240620,Lagoa d'Anta
Rio Grande do Norte,RN,Nordeste,240630,Lagoa de Pedras
Rio Grande do Norte,RN,Nordeste,240640,Lagoa de Velhos
Rio Grande do Norte,RN,Nordeste,240650,Lagoa Nova
Rio Grande do Norte,RN,Nordeste,240660,Lagoa Salgada
Rio Grande do Norte,RN,Nordeste,240670,Lajes
Rio Grande do Norte,RN,Nordeste,240680,Lajes Pintadas
Rio Grande do Norte,RN,Nordeste,240690,Lucrécia
Rio Grande do Norte,RN,Nordeste,240700,Luís Gomes
Rio Grande do Norte,RN,Nordeste,240710,Macaíba
Rio Grande do Norte,RN,Nordeste,240720,Macau
Rio Grande do Norte,RN,Nordeste,240725,Major Sales
Rio Grande do Norte,RN,Nordeste,240730,Marcelino Vieira
Rio Grande do Norte,RN,Nordeste,240740,Martins
Rio Grande do Norte,RN,Nordeste,240750,Maxaranguape
Rio Grande do Norte,RN,Nordeste,240760,Messias Targino
Rio Grande do Norte,RN,Nordeste,240770,Montanhas
Rio Grande do Norte,RN,Nordeste,240780,Monte Alegre
Rio Grande do Norte,RN,Nordeste,240790,Monte das Gameleiras
Rio Grande do Norte,RN,Nordeste,240800,Mossoró
Rio Grande do Norte,RN,Nordeste,240810,Natal
Rio Grande do Norte,RN,Nordeste,240820,Nísia Floresta
Rio Grande do Norte,RN,Nordeste,240830,Nova Cruz
Rio Grande do Norte,RN,Nordeste,240840,Olho d'Água do Borges
Rio Grande do Norte,RN,Nordeste,240850,Ouro Branco
Rio Grande do Norte,RN,Nordeste,240860,Paraná
Rio Grande do Norte,RN,Nordeste,240870,Paraú
Rio Grande do Norte,RN,Nordeste,240880,Parazinho
Rio Grande do Norte,RN,Nordeste,240890,Parelhas
Rio Grande do Norte,RN,Nordeste,240325,Parnamirim
Rio Grande do Norte,RN,Nordeste,240910,Passa e Fica
Rio Grande do Norte,RN,Nordeste,240920,Passagem
Rio Grande do Norte,RN,Nordeste,240930,Patu
Rio Grande do Norte,RN,Nordeste,240940,Pau dos Ferros
Rio Grande do Norte,RN,Nordeste,240950,Pedra Grande
Rio Grande do Norte,RN,Nordeste,240960,Pedra Preta
Rio Grande do Norte,RN,Nordeste,240970,Pedro Avelino
Rio Grande do Norte,RN,Nordeste,240980,Pedro Velho
Rio Grande do Norte,RN,Nordeste,240990,Pendências
Rio Grande do Norte,RN,Nordeste,241000,Pilões
Rio Grande do Norte,RN,Nordeste,241010,Poço Branco
Rio Grande do Norte,RN,Nordeste,241020,Portalegre
Rio Grande do Norte,RN,Nordeste,241025,Porto do Mangue
Rio Grande do Norte,RN,Nordeste,241040,Pureza
Rio Grande do Norte,RN,Nordeste,241050,Rafael Fernandes
Rio Grande do Norte,RN,Nordeste,241060,Rafael Godeiro
Rio Grande do Norte,RN,Nordeste,241070,Riacho da Cruz
Rio Grande do Norte,RN,Nordeste,241080,Riacho de Santana
Rio Grande do Norte,RN,Nordeste,241090,Riachuelo
Rio Grande do Norte,RN,Nordeste,240895,Rio do Fogo
Rio Grande do Norte,RN,Nordeste,241100,Rodolfo Fernandes
Rio Grande do Norte,RN,Nordeste,241110,Ruy Barbosa
Rio Grande do Norte,RN,Nordeste,241120,Santa Cruz
Rio Grande do Norte,RN,Nordeste,240933,Santa Maria
Rio Grande do Norte,RN,Nordeste,241140,Santana do Matos
Rio Grande do Norte,RN,Nordeste,241142,Santana do Seridó
Rio Grande do Norte,RN,Nordeste,241150,Santo Antônio
Rio Grande do Norte,RN,Nordeste,241160,São Bento do Norte
Rio Grande do Norte,RN,Nordeste,241170,São Bento do Trairí
Rio Grande do Norte,RN,Nordeste,241180,São Fernando
Rio Grande do Norte,RN,Nordeste,241190,São Francisco do Oeste
Rio Grande do Norte,RN,Nordeste,241200,São Gonçalo do Amarante
Rio Grande do Norte,RN,Nordeste,241210,São João do Sabugi
Rio Grande do Norte,RN,Nordeste,241220,São José de Mipibu
Rio Grande do Norte,RN,Nordeste,241230,São José do Campestre
Rio Grande do Norte,RN,Nordeste,241240,São José do Seridó
Rio Grande do Norte,RN,Nordeste,241250,São Miguel
Rio Grande do Norte,RN,Nordeste,241255,São Miguel do Gostoso
Rio Grande do Norte,RN,Nordeste,241260,São Paulo do Potengi
Rio Grande do Norte,RN,Nordeste,241270,São Pedro
Rio Grande do Norte,RN,Nordeste,241280,São Rafael
Rio Grande do Norte,RN,Nordeste,241290,São Tomé
Rio Grande do Norte,RN,Nordeste,241300,São Vicente
Rio Grande do Norte,RN,Nordeste,241310,Senador Elói de Souza
Rio Grande do Norte,RN,Nordeste,241320,Senador Georgino Avelino
Rio Grande do Norte,RN,Nordeste,241030,Serra Caiada
Rio Grande do Norte,RN,Nordeste,241330,Serra de São Bento
Rio Grande do Norte,RN,Nordeste,241335,Serra do Mel
Rio Grande do Norte,RN,Nordeste,241340,Serra Negra do Norte
Rio Grande do Norte,RN,Nordeste,241350,Serrinha
Rio Grande do Norte,RN,Nordeste,241355,Serrinha dos Pintos
Rio Grande do Norte,RN,Nordeste,241360,Severiano Melo
Rio Grande do Norte,RN,Nordeste,241370,Sítio Novo
Rio Grande do Norte,RN,Nordeste,241380,Taboleiro Grande
Rio Grande do Norte,RN,Nordeste,241390,Taipu
Rio Grande do Norte,RN,Nordeste,241400,Tangará
Rio Grande do Norte,RN,Nordeste,241410,Tenente Ananias
Rio Grande do Norte,RN,Nordeste,241415,Tenente Laurentino Cruz
Rio Grande do Norte,RN,Nordeste,241105,Tibau
Rio Grande do Norte,RN,Nordeste,241420,Tibau do Sul
Rio Grande do Norte,RN,Nordeste,241430,Timbaúba dos Batistas
Rio Grande do Norte,RN,Nordeste,241440,Touros
Rio Grande do Norte,RN,Nordeste,241445,Triunfo Potiguar
Rio Grande do Norte,RN,Nordeste,241450,Umarizal
Rio Grande do Norte,RN,Nordeste,241460,Upanema
Rio Grande do Norte,RN,Nordeste,241470,Várzea
Rio Grande do Norte,RN,Nordeste,241475,Venha-Ver
Rio Grande do Norte,RN,Nordeste,241480,Vera Cruz
Rio Grande do Norte,RN,Nordeste,241490,Viçosa
Rio Grande do Norte,RN,Nordeste,241500,Vila Flor
Maranhão,MA,Nordeste,210005,Açailândia
Maranhão,MA,Nordeste,210010,Afonso Cunha
Maranhão,MA,Nordeste,210015,Água Doce do Maranhão
Maranhão,MA,Nordeste,210020,Alcântara
Maranhão,MA,Nordeste,210030,Aldeias Altas
Maranhão,MA,Nordeste,210040,Altamira do Maranhão
Maranhão,MA,Nordeste,210043,Alto Alegre do Maranhão
Maranhão,MA,Nordeste,210047,Alto Alegre do Pindaré
Maranhão,MA,Nordeste,210050,Alto Parnaíba
Maranhão,MA,Nordeste,210055,Amapá do Maranhão
Maranhão,MA,Nordeste,210060,Amarante do Maranhão
Maranhão,MA,Nordeste,210070,Anajatuba
Maranhão,MA,Nordeste,210080,Anapurus
Maranhão,MA,Nordeste,210083,Apicum-Açu
Maranhão,MA,Nordeste,210087,Araguanã
Maranhão,MA,Nordeste,210090,Araioses
Maranhão,MA,Nordeste,210095,Arame
Maranhão,MA,Nordeste,210100,Arari
Maranhão,MA,Nordeste,210110,Axixá
Maranhão,MA,Nordeste,210120,Bacabal
Maranhão,MA,Nordeste,210125,Bacabeira
Maranhão,MA,Nordeste,210130,Bacuri
Maranhão,MA,Nordeste,210135,Bacurituba
Maranhão,MA,Nordeste,210140,Balsas
Maranhão,MA,Nordeste,210150,Barão de Grajaú
Maranhão,MA,Nordeste,210160,Barra do Corda
Maranhão,MA,Nordeste,210170,Barreirinhas
Maranhão,MA,Nordeste,210177,Bela Vista do Maranhão
Maranhão,MA,Nordeste,210173,Belágua
Maranhão,MA,Nordeste,210180,Benedito Leite
Maranhão,MA,Nordeste,210190,Bequimão
Maranhão,MA,Nordeste,210193,Bernardo do Mearim
Maranhão,MA,Nordeste,210197,Boa Vista do Gurupi
Maranhão,MA,Nordeste,210200,Bom Jardim
Maranhão,MA,Nordeste,210203,Bom Jesus das Selvas
Maranhão,MA,Nordeste,210207,Bom Lugar
Maranhão,MA,Nordeste,210210,Brejo
Maranhão,MA,Nordeste,210215,Brejo de Areia
Maranhão,MA,Nordeste,210220,Buriti
Maranhão,MA,Nordeste,210230,Buriti Bravo
Maranhão,MA,Nordeste,210232,Buriticupu
Maranhão,MA,Nordeste,210235,Buritirana
Maranhão,MA,Nordeste,210237,Cachoeira Grande
Maranhão,MA,Nordeste,210240,Cajapió
Maranhão,MA,Nordeste,210250,Cajari
Maranhão,MA,Nordeste,210255,Campestre do Maranhão
Maranhão,MA,Nordeste,210260,Cândido Mendes
Maranhão,MA,Nordeste,210270,Cantanhede
Maranhão,MA,Nordeste,210275,Capinzal do Norte
Maranhão,MA,Nordeste,210280,Carolina
Maranhão,MA,Nordeste,210290,Carutapera
Maranhão,MA,Nordeste,210300,Caxias
Maranhão,MA,Nordeste,210310,Cedral
Maranhão,MA,Nordeste,210312,Central do Maranhão
Maranhão,MA,Nordeste,210315,Centro do Guilherme
Maranhão,MA,Nordeste,210317,Centro Novo do Maranhão
Maranhão,MA,Nordeste,210320,Chapadinha
Maranhão,MA,Nordeste,210325,Cidelândia
Maranhão,MA,Nordeste,210330,Codó
Maranhão,MA,Nordeste,210340,Coelho Neto
Maranhão,MA,Nordeste,210350,Colinas
Maranhão,MA,Nordeste,210355,Conceição do Lago-Açu
Maranhão,MA,Nordeste,210360,Coroatá
Maranhão,MA,Nordeste,210370,Cururupu
Maranhão,MA,Nordeste,210375,Davinópolis
Maranhão,MA,Nordeste,210380,Dom Pedro
Maranhão,MA,Nordeste,210390,Duque Bacelar
Maranhão,MA,Nordeste,210400,Esperantinópolis
Maranhão,MA,Nordeste,210405,Estreito
Maranhão,MA,Nordeste,210407,Feira Nova do Maranhão
Maranhão,MA,Nordeste,210408,Fernando Falcão
Maranhão,MA,Nordeste,210409,Formosa da Serra Negra
Maranhão,MA,Nordeste,210410,Fortaleza dos Nogueiras
Maranhão,MA,Nordeste,210420,Fortuna
Maranhão,MA,Nordeste,210430,Godofredo Viana
Maranhão,MA,Nordeste,210440,Gonçalves Dias
Maranhão,MA,Nordeste,210450,Governador Archer
Maranhão,MA,Nordeste,210455,Governador Edison Lobão
Maranhão,MA,Nordeste,210460,Governador Eugênio Barros
Maranhão,MA,Nordeste,210462,Governador Luiz Rocha
Maranhão,MA,Nordeste,210465,Governador Newton Bello
Maranhão,MA,Nordeste,210467,Governador Nunes Freire
Maranhão,MA,Nordeste,210470,Graça Aranha
Maranhão,MA,Nordeste,210480,Grajaú
Maranhão,MA,Nordeste,210490,Guimarães
Maranhão,MA,Nordeste,210500,Humberto de Campos
Maranhão,MA,Nordeste,210510,Icatu
Maranhão,MA,Nordeste,210515,Igarapé do Meio
Maranhão,MA,Nordeste,210520,Igarapé Grande
Maranhão,MA,Nordeste,210530,Imperatriz
Maranhão,MA,Nordeste,210535,Itaipava do Grajaú
Maranhão,MA,Nordeste,210540,Itapecuru Mirim
Maranhão,MA,Nordeste,210542,Itinga do Maranhão
Maranhão,MA,Nordeste,210545,Jatobá
Maranhão,MA,Nordeste,210547,Jenipapo dos Vieiras
Maranhão,MA,Nordeste,210550,João Lisboa
Maranhão,MA,Nordeste,210560,Joselândia
Maranhão,MA,Nordeste,210565,Junco do Maranhão
Maranhão,MA,Nordeste,210570,Lago da Pedra
Maranhão,MA,Nordeste,210580,Lago do Junco
Maranhão,MA,Nordeste,210594,Lago dos Rodrigues
Maranhão,MA,Nordeste,210590,Lago Verde
Maranhão,MA,Nordeste,210592,Lagoa do Mato
Maranhão,MA,Nordeste,210596,Lagoa Grande do Maranhão
Maranhão,MA,Nordeste,210598,Lajeado Novo
Maranhão,MA,Nordeste,210600,Lima Campos
Maranhão,MA,Nordeste,210610,Loreto
Maranhão,MA,Nordeste,210620,Luís Domingues
Maranhão,MA,Nordeste,210630,Magalhães de Almeida
Maranhão,MA,Nordeste,210632,Maracaçumé
Maranhão,MA,Nordeste,210635,Marajá do Sena
Maranhão,MA,Nordeste,210637,Maranhãozinho
Maranhão,MA,Nordeste,210640,Mata Roma
Maranhão,MA,Nordeste,210650,Matinha
Maranhão,MA,Nordeste,210660,Matões
Maranhão,MA,Nordeste,210663,Matões do Norte
Maranhão,MA,Nordeste,210667,Milagres do Maranhão
Maranhão,MA,Nordeste,210670,Mirador
Maranhão,MA,Nordeste,210675,Miranda do Norte
Maranhão,MA,Nordeste,210680,Mirinzal
Maranhão,MA,Nordeste,210690,Monção
Maranhão,MA,Nordeste,210700,Montes Altos
Maranhão,MA,Nordeste,210710,Morros
Maranhão,MA,Nordeste,210720,Nina Rodrigues
Maranhão,MA,Nordeste,210725,Nova Colinas
Maranhão,MA,Nordeste,210730,Nova Iorque
Maranhão,MA,Nordeste,210735,Nova Olinda do Maranhão
Maranhão,MA,Nordeste,210740,Olho d'Água das Cunhãs
Maranhão,MA,Nordeste,210745,Olinda Nova do Maranhão
Maranhão,MA,Nordeste,210750,Paço do Lumiar
Maranhão,MA,Nordeste,210760,Palmeirândia
Maranhão,MA,Nordeste,210770,Paraibano
Maranhão,MA,Nordeste,210780,Parnarama
Maranhão,MA,Nordeste,210790,Passagem Franca
Maranhão,MA,Nordeste,210800,Pastos Bons
Maranhão,MA,Nordeste,210805,Paulino Neves
Maranhão,MA,Nordeste,210810,Paulo Ramos
Maranhão,MA,Nordeste,210820,Pedreiras
Maranhão,MA,Nordeste,210825,Pedro do Rosário
Maranhão,MA,Nordeste,210830,Penalva
Maranhão,MA,Nordeste,210840,Peri Mirim
Maranhão,MA,Nordeste,210845,Peritoró
Maranhão,MA,Nordeste,210850,Pindaré-Mirim
Maranhão,MA,Nordeste,210860,Pinheiro
Maranhão,MA,Nordeste,210870,Pio XII
Maranhão,MA,Nordeste,210880,Pirapemas
Maranhão,MA,Nordeste,210890,Poção de Pedras
Maranhão,MA,Nordeste,210900,Porto Franco
Maranhão,MA,Nordeste,210905,Porto Rico do Maranhão
Maranhão,MA,Nordeste,210910,Presidente Dutra
Maranhão,MA,Nordeste,210920,Presidente Juscelino
Maranhão,MA,Nordeste,210923,Presidente Médici
Maranhão,MA,Nordeste,210927,Presidente Sarney
Maranhão,MA,Nordeste,210930,Presidente Vargas
Maranhão,MA,Nordeste,210940,Primeira Cruz
Maranhão,MA,Nordeste,210945,Raposa
Maranhão,MA,Nordeste,210950,Riachão
Maranhão,MA,Nordeste,210955,Ribamar Fiquene
Maranhão,MA,Nordeste,210960,Rosário
Maranhão,MA,Nordeste,210970,Sambaíba
Maranhão,MA,Nordeste,210975,Santa Filomena do Maranhão
Maranhão,MA,Nordeste,210980,Santa Helena
Maranhão,MA,Nordeste,210990,Santa Inês
Maranhão,MA,Nordeste,211000,Santa Luzia
Maranhão,MA,Nordeste,211003,Santa Luzia do Paruá
Maranhão,MA,Nordeste,211010,Santa Quitéria do Maranhão
Maranhão,MA,Nordeste,211020,Santa Rita
Maranhão,MA,Nordeste,211023,Santana do Maranhão
Maranhão,MA,Nordeste,211027,Santo Amaro do Maranhão
Maranhão,MA,Nordeste,211030,Santo Antônio dos Lopes
Maranhão,MA,Nordeste,211040,São Benedito do Rio Preto
Maranhão,MA,Nordeste,211050,São Bento
Maranhão,MA,Nordeste,211060,São Bernardo
Maranhão,MA,Nordeste,211065,São Domingos do Azeitão
Maranhão,MA,Nordeste,211070,São Domingos do Maranhão
Maranhão,MA,Nordeste,211080,São Félix de Balsas
Maranhão,MA,Nordeste,211085,São Francisco do Brejão
Maranhão,MA,Nordeste,211090,São Francisco do Maranhão
Maranhão,MA,Nordeste,211100,São João Batista
Maranhão,MA,Nordeste,211102,São João do Carú
Maranhão,MA,Nordeste,211105,São João do Paraíso
Maranhão,MA,Nordeste,211107,São João do Soter
Maranhão,MA,Nordeste,211110,São João dos Patos
Maranhão,MA,Nordeste,211120,São José de Ribamar
Maranhão,MA,Nordeste,211125,São José dos Basílios
Maranhão,MA,Nordeste,211130,São Luís
Maranhão,MA,Nordeste,211140,São Luís Gonzaga do Maranhão
Maranhão,MA,Nordeste,211150,São Mateus do Maranhão
Maranhão,MA,Nordeste,211153,São Pedro da Água Branca
Maranhão,MA,Nordeste,211157,São Pedro dos Crentes
Maranhão,MA,Nordeste,211160,São Raimundo das Mangabeiras
Maranhão,MA,Nordeste,211163,São Raimundo do Doca Bezerra
Maranhão,MA,Nordeste,211167,São Roberto
Maranhão,MA,Nordeste,211170,São Vicente Ferrer
Maranhão,MA,Nordeste,211172,Satubinha
Maranhão,MA,Nordeste,211174,Senador Alexandre Costa
Maranhão,MA,Nordeste,211176,Senador La Rocque
Maranhão,MA,Nordeste,211178,Serrano do Maranhão
Maranhão,MA,Nordeste,211180,Sítio Novo
Maranhão,MA,Nordeste,211190,Sucupira do Norte
Maranhão,MA,Nordeste,211195,Sucupira do Riachão
Maranhão,MA,Nordeste,211200,Tasso Fragoso
Maranhão,MA,Nordeste,211210,Timbiras
Maranhão,MA,Nordeste,211220,Timon
Maranhão,MA,Nordeste,211223,Trizidela do Vale
Maranhão,MA,Nordeste,211227,Tufilândia
Maranhão,MA,Nordeste,211230,Tuntum
Maranhão,MA,Nordeste,211240,Turiaçu
Maranhão,MA,Nordeste,211245,Turilândia
Maranhão,MA,Nordeste,211250,Tutóia
Maranhão,MA,Nordeste,211260,Urbano Santos
Maranhão,MA,Nordeste,211270,Vargem Grande
Maranhão,MA,Nordeste,211280,Viana
Maranhão,MA,Nordeste,211285,Vila Nova dos Martírios
Maranhão,MA,Nordeste,211290,Vitória do Mearim
Maranhão,MA,Nordeste,211300,Vitorino Freire
Maranhão,MA,Nordeste,211400,Zé Doca
Distrito Federal,DF,Centro-Oeste,530010,Brasília
Piauí,PI,Nordeste,220005,Acauã
Piauí,PI,Nordeste,220010,Agricolândia
Piauí,PI,Nordeste,220020,Água Branca
Piauí,PI,Nordeste,220025,Alagoinha do Piauí
Piauí,PI,Nordeste,220027,Alegrete do Piauí
Piauí,PI,Nordeste,220030,Alto Longá
Piauí,PI,Nordeste,220040,Altos
Piauí,PI,Nordeste,220045,Alvorada do Gurguéia
Piauí,PI,Nordeste,220050,Amarante
Piauí,PI,Nordeste,220060,Angical do Piauí
Piauí,PI,Nordeste,220070,Anísio de Abreu
Piauí,PI,Nordeste,220080,Antônio Almeida
Piauí,PI,Nordeste,220090,Aroazes
Piauí,PI,Nordeste,220095,Aroeiras do Itaim
Piauí,PI,Nordeste,220100,Arraial
Piauí,PI,Nordeste,220105,Assunção do Piauí
Piauí,PI,Nordeste,220110,Avelino Lopes
Piauí,PI,Nordeste,220115,Baixa Grande do Ribeiro
Piauí,PI,Nordeste,220117,Barra D'Alcântara
Piauí,PI,Nordeste,220120,Barras
Piauí,PI,Nordeste,220130,Barreiras do Piauí
Piauí,PI,Nordeste,220140,Barro Duro
Piauí,PI,Nordeste,220150,Batalha
Piauí,PI,Nordeste,220155,Bela Vista do Piauí
Piauí,PI,Nordeste,220157,Belém do Piauí
Piauí,PI,Nordeste,220160,Beneditinos
Piauí,PI,Nordeste,220170,Bertolínia
Piauí,PI,Nordeste,220173,Betânia do Piauí
Piauí,PI,Nordeste,220177,Boa Hora
Piauí,PI,Nordeste,220180,Bocaina
Piauí,PI,Nordeste,220190,Bom Jesus
Piauí,PI,Nordeste,220191,Bom Princípio do Piauí
Piauí,PI,Nordeste,220192,Bonfim do Piauí
Piauí,PI,Nordeste,220194,Boqueirão do Piauí
Piauí,PI,Nordeste,220196,Brasileira
Piauí,PI,Nordeste,220198,Brejo do Piauí
Piauí,PI,Nordeste,220200,Buriti dos Lopes
Piauí,PI,Nordeste,220202,Buriti dos Montes
Piauí,PI,Nordeste,220205,Cabeceiras do Piauí
Piauí,PI,Nordeste,220207,Cajazeiras do Piauí
Piauí,PI,Nordeste,220208,Cajueiro da Praia
Piauí,PI,Nordeste,220209,Caldeirão Grande do Piauí
Piauí,PI,Nordeste,220210,Campinas do Piauí
Piauí,PI,Nordeste,220211,Campo Alegre do Fidalgo
Piauí,PI,Nordeste,220213,Campo Grande do Piauí
Piauí,PI,Nordeste,220217,Campo Largo do Piauí
Piauí,PI,Nordeste,220220,Campo Maior
Piauí,PI,Nordeste,220225,Canavieira
Piauí,PI,Nordeste,220230,Canto do Buriti
Piauí,PI,Nordeste,220240,Capitão de Campos
Piauí,PI,Nordeste,220245,Capitão Gervásio Oliveira
Piauí,PI,Nordeste,220250,Caracol
Piauí,PI,Nordeste,220253,Caraúbas do Piauí
Piauí,PI,Nordeste,220255,Caridade do Piauí
Piauí,PI,Nordeste,220260,Castelo do Piauí
Piauí,PI,Nordeste,220265,Caxingó
Piauí,PI,Nordeste,220270,Cocal
Piauí,PI,Nordeste,220271,Cocal de Telha
Piauí,PI,Nordeste,220272,Cocal dos Alves
Piauí,PI,Nordeste,220273,Coivaras
Piauí,PI,Nordeste,220275,Colônia do Gurguéia
Piauí,PI,Nordeste,220277,Colônia do Piauí
Piauí,PI,Nordeste,220280,Conceição do Canindé
Piauí,PI,Nordeste,220285,Coronel José Dias
Piauí,PI,Nordeste,220290,Corrente
Piauí,PI,Nordeste,220300,Cristalândia do Piauí
Piauí,PI,Nordeste,220310,Cristino Castro
Piauí,PI,Nordeste,220320,Curimatá
Piauí,PI,Nordeste,220323,Currais
Piauí,PI,Nordeste,220327,Curral Novo do Piauí
Piauí,PI,Nordeste,220325,Curralinhos
Piauí,PI,Nordeste,220330,Demerval Lobão
Piauí,PI,Nordeste,220335,Dirceu Arcoverde
Piauí,PI,Nordeste,220340,Dom Expedito Lopes
Piauí,PI,Nordeste,220345,Dom Inocêncio
Piauí,PI,Nordeste,220342,Domingos Mourão
Piauí,PI,Nordeste,220350,Elesbão Veloso
Piauí,PI,Nordeste,220360,Eliseu Martins
Piauí,PI,Nordeste,220370,Esperantina
Piauí,PI,Nordeste,220375,Fartura do Piauí
Piauí,PI,Nordeste,220380,Flores do Piauí
Piauí,PI,Nordeste,220385,Floresta do Piauí
Piauí,PI,Nordeste,220390,Floriano
Piauí,PI,Nordeste,220400,Francinópolis
Piauí,PI,Nordeste,220410,Francisco Ayres
Piauí,PI,Nordeste,220415,Francisco Macedo
Piauí,PI,Nordeste,220420,Francisco Santos
Piauí,PI,Nordeste,220430,Fronteiras
Piauí,PI,Nordeste,220435,Geminiano
Piauí,PI,Nordeste,220440,Gilbués
Piauí,PI,Nordeste,220450,Guadalupe
Piauí,PI,Nordeste,220455,Guaribas
Piauí,PI,Nordeste,220460,Hugo Napoleão
Piauí,PI,Nordeste,220465,Ilha Grande
Piauí,PI,Nordeste,220470,Inhuma
Piauí,PI,Nordeste,220480,Ipiranga do Piauí
Piauí,PI,Nordeste,220490,Isaías Coelho
Piauí,PI,Nordeste,220500,Itainópolis
Piauí,PI,Nordeste,220510,Itaueira
Piauí,PI,Nordeste,220515,Jacobina do Piauí
Piauí,PI,Nordeste,220520,Jaicós
Piauí,PI,Nordeste,220525,Jardim do Mulato
Piauí,PI,Nordeste,220527,Jatobá do Piauí
Piauí,PI,Nordeste,220530,Jerumenha
Piauí,PI,Nordeste,220535,João Costa
Piauí,PI,Nordeste,220540,Joaquim Pires
Piauí,PI,Nordeste,220545,Joca Marques
Piauí,PI,Nordeste,220550,José de Freitas
Piauí,PI,Nordeste,220551,Juazeiro do Piauí
Piauí,PI,Nordeste,220552,Júlio Borges
Piauí,PI,Nordeste,220553,Jurema
Piauí,PI,Nordeste,220555,Lagoa Alegre
Piauí,PI,Nordeste,220557,Lagoa de São Francisco
Piauí,PI,Nordeste,220556,Lagoa do Barro do Piauí
Piauí,PI,Nordeste,220558,Lagoa do Piauí
Piauí,PI,Nordeste,220559,Lagoa do Sítio
Piauí,PI,Nordeste,220554,Lagoinha do Piauí
Piauí,PI,Nordeste,220560,Landri Sales
Piauí,PI,Nordeste,220570,Luís Correia
Piauí,PI,Nordeste,220580,Luzilândia
Piauí,PI,Nordeste,220585,Madeiro
Piauí,PI,Nordeste,220590,Manoel Emídio
Piauí,PI,Nordeste,220595,Marcolândia
Piauí,PI,Nordeste,220600,Marcos Parente
Piauí,PI,Nordeste,220605,Massapê do Piauí
Piauí,PI,Nordeste,220610,Matias Olímpio
Piauí,PI,Nordeste,220620,Miguel Alves
Piauí,PI,Nordeste,220630,Miguel Leão
Piauí,PI,Nordeste,220635,Milton Brandão
Piauí,PI,Nordeste,220640,Monsenhor Gil
Piauí,PI,Nordeste,220650,Monsenhor Hipólito
Piauí,PI,Nordeste,220660,Monte Alegre do Piauí
Piauí,PI,Nordeste,220665,Morro Cabeça no Tempo
Piauí,PI,Nordeste,220667,Morro do Chapéu do Piauí
Piauí,PI,Nordeste,220669,Murici dos Portelas
Piauí,PI,Nordeste,220670,Nazaré do Piauí
Piauí,PI,Nordeste,220672,Nazária
Piauí,PI,Nordeste,220675,Nossa Senhora de Nazaré
Piauí,PI,Nordeste,220680,Nossa Senhora dos Remédios
Piauí,PI,Nordeste,220795,Nova Santa Rita
Piauí,PI,Nordeste,220690,Novo Oriente do Piauí
Piauí,PI,Nordeste,220695,Novo Santo Antônio
Piauí,PI,Nordeste,220700,Oeiras
Piauí,PI,Nordeste,220710,Olho D'Água do Piauí
Piauí,PI,Nordeste,220720,Padre Marcos
Piauí,PI,Nordeste,220730,Paes Landim
Piauí,PI,Nordeste,220735,Pajeú do Piauí
Piauí,PI,Nordeste,220740,Palmeira do Piauí
Piauí,PI,Nordeste,220750,Palmeirais
Piauí,PI,Nordeste,220755,Paquetá
Piauí,PI,Nordeste,220760,Parnaguá
Piauí,PI,Nordeste,220770,Parnaíba
Piauí,PI,Nordeste,220775,Passagem Franca do Piauí
Piauí,PI,Nordeste,220777,Patos do Piauí
Piauí,PI,Nordeste,220779,Pau D'Arco do Piauí
Piauí,PI,Nordeste,220780,Paulistana
Piauí,PI,Nordeste,220785,Pavussu
Piauí,PI,Nordeste,220790,Pedro II
Piauí,PI,Nordeste,220793,Pedro Laurentino
Piauí,PI,Nordeste,220800,Picos
Piauí,PI,Nordeste,220810,Pimenteiras
Piauí,PI,Nordeste,220820,Pio IX
Piauí,PI,Nordeste,220830,Piracuruca
Piauí,PI,Nordeste,220840,Piripiri
Piauí,PI,Nordeste,220850,Porto
Piauí,PI,Nordeste,220855,Porto Alegre do Piauí
Piauí,PI,Nordeste,220860,Prata do Piauí
Piauí,PI,Nordeste,220865,Queimada Nova
Piauí,PI,Nordeste,220870,Redenção do Gurguéia
Piauí,PI,Nordeste,220880,Regeneração
Piauí,PI,Nordeste,220885,Riacho Frio
Piauí,PI,Nordeste,220887,Ribeira do Piauí
Piauí,PI,Nordeste,220890,Ribeiro Gonçalves
Piauí,PI,Nordeste,220900,Rio Grande do Piauí
Piauí,PI,Nordeste,220910,Santa Cruz do Piauí
Piauí,PI,Nordeste,220915,Santa Cruz dos Milagres
Piauí,PI,Nordeste,220920,Santa Filomena
Piauí,PI,Nordeste,220930,Santa Luz
Piauí,PI,Nordeste,220937,Santa Rosa do Piauí
Piauí,PI,Nordeste,220935,Santana do Piauí
Piauí,PI,Nordeste,220940,Santo Antônio de Lisboa
Piauí,PI,Nordeste,220945,Santo Antônio dos Milagres
Piauí,PI,Nordeste,220950,Santo Inácio do Piauí
Piauí,PI,Nordeste,220955,São Braz do Piauí
Piauí,PI,Nordeste,220960,São Félix do Piauí
Piauí,PI,Nordeste,220965,São Francisco de Assis do Piauí
Piauí,PI,Nordeste,220970,São Francisco do Piauí
Piauí,PI,Nordeste,220975,São Gonçalo do Gurguéia
Piauí,PI,Nordeste,220980,São Gonçalo do Piauí
Piauí,PI,Nordeste,220985,São João da Canabrava
Piauí,PI,Nordeste,220987,São João da Fronteira
Piauí,PI,Nordeste,220990,São João da Serra
Piauí,PI,Nordeste,220995,São João da Varjota
Piauí,PI,Nordeste,220997,São João do Arraial
Piauí,PI,Nordeste,221000,São João do Piauí
Piauí,PI,Nordeste,221005,São José do Divino
Piauí,PI,Nordeste,221010,São José do Peixe
Piauí,PI,Nordeste,221020,São José do Piauí
Piauí,PI,Nordeste,221030,São Julião
Piauí,PI,Nordeste,221035,São Lourenço do Piauí
Piauí,PI,Nordeste,221037,São Luis do Piauí
Piauí,PI,Nordeste,221038,São Miguel da Baixa Grande
Piauí,PI,Nordeste,221039,São Miguel do Fidalgo
Piauí,PI,Nordeste,221040,São Miguel do Tapuio
Piauí,PI,Nordeste,221050,São Pedro do Piauí
Piauí,PI,Nordeste,221060,São Raimundo Nonato
Piauí,PI,Nordeste,221062,Sebastião Barros
Piauí,PI,Nordeste,221063,Sebastião Leal
Piauí,PI,Nordeste,221065,Sigefredo Pacheco
Piauí,PI,Nordeste,221070,Simões
Piauí,PI,Nordeste,221080,Simplício Mendes
Piauí,PI,Nordeste,221090,Socorro do Piauí
Piauí,PI,Nordeste,221093,Sussuapara
Piauí,PI,Nordeste,221095,Tamboril do Piauí
Piauí,PI,Nordeste,221097,Tanque do Piauí
Piauí,PI,Nordeste,221100,Teresina
Piauí,PI,Nordeste,221110,União
Piauí,PI,Nordeste,221120,Uruçuí
Piauí,PI,Nordeste,221130,Valença do Piauí
Piauí,PI,Nordeste,221135,Várzea Branca
Piauí,PI,Nordeste,221140,Várzea Grande
Piauí,PI,Nordeste,221150,Vera Mendes
Piauí,PI,Nordeste,221160,Vila Nova do Piauí
Piauí,PI,Nordeste,221170,Wall Ferraz
Mato Grosso do Sul,MS,Centro-Oeste,500020,Água Clara
Mato Grosso do Sul,MS,Centro-Oeste,500025,Alcinópolis
Mato Grosso do Sul,MS,Centro-Oeste,500060,Amambai
Mato Grosso do Sul,MS,Centro-Oeste,500070,Anastácio
Mato Grosso do Sul,MS,Centro-Oeste,500080,Anaurilândia
Mato Grosso do Sul,MS,Centro-Oeste,500085,Angélica
Mato Grosso do Sul,MS,Centro-Oeste,500090,Antônio João
Mato Grosso do Sul,MS,Centro-Oeste,500100,Aparecida do Taboado
Mato Grosso do Sul,MS,Centro-Oeste,500110,Aquidauana
Mato Grosso do Sul,MS,Centro-Oeste,500124,Aral Moreira
Mato Grosso do Sul,MS,Centro-Oeste,500150,Bandeirantes
Mato Grosso do Sul,MS,Centro-Oeste,500190,Bataguassu
Mato Grosso do Sul,MS,Centro-Oeste,500200,Batayporã
Mato Grosso do Sul,MS,Centro-Oeste,500210,Bela Vista
Mato Grosso do Sul,MS,Centro-Oeste,500215,Bodoquena
Mato Grosso do Sul,MS,Centro-Oeste,500220,Bonito
Mato Grosso do Sul,MS,Centro-Oeste,500230,Brasilândia
Mato Grosso do Sul,MS,Centro-Oeste,500240,Caarapó
Mato Grosso do Sul,MS,Centro-Oeste,500260,Camapuã
Mato Grosso do Sul,MS,Centro-Oeste,500270,Campo Grande
Mato Grosso do Sul,MS,Centro-Oeste,500280,Caracol
Mato Grosso do Sul,MS,Centro-Oeste,500290,Cassilândia
Mato Grosso do Sul,MS,Centro-Oeste,500295,Chapadão do Sul
Mato Grosso do Sul,MS,Centro-Oeste,500310,Corguinho
Mato Grosso do Sul,MS,Centro-Oeste,500315,Coronel Sapucaia
Mato Grosso do Sul,MS,Centro-Oeste,500320,Corumbá
Mato Grosso do Sul,MS,Centro-Oeste,500325,Costa Rica
Mato Grosso do Sul,MS,Centro-Oeste,500330,Coxim
Mato Grosso do Sul,MS,Centro-Oeste,500345,Deodápolis
Mato Grosso do Sul,MS,Centro-Oeste,500348,Dois Irmãos do Buriti
Mato Grosso do Sul,MS,Centro-Oeste,500350,Douradina
Mato Grosso do Sul,MS,Centro-Oeste,500370,Dourados
Mato Grosso do Sul,MS,Centro-Oeste,500375,Eldorado
Mato Grosso do Sul,MS,Centro-Oeste,500380,Fátima do Sul
Mato Grosso do Sul,MS,Centro-Oeste,500390,Figueirão
Mato Grosso do Sul,MS,Centro-Oeste,500400,Glória de Dourados
Mato Grosso do Sul,MS,Centro-Oeste,500410,Guia Lopes da Laguna
Mato Grosso do Sul,MS,Centro-Oeste,500430,Iguatemi
Mato Grosso do Sul,MS,Centro-Oeste,500440,Inocência
Mato Grosso do Sul,MS,Centro-Oeste,500450,Itaporã
Mato Grosso do Sul,MS,Centro-Oeste,500460,Itaquiraí
Mato Grosso do Sul,MS,Centro-Oeste,500470,Ivinhema
Mato Grosso do Sul,MS,Centro-Oeste,500480,Japorã
Mato Grosso do Sul,MS,Centro-Oeste,500490,Jaraguari
Mato Grosso do Sul,MS,Centro-Oeste,500500,Jardim
Mato Grosso do Sul,MS,Centro-Oeste,500510,Jateí
Mato Grosso do Sul,MS,Centro-Oeste,500515,Juti
Mato Grosso do Sul,MS,Centro-Oeste,500520,Ladário
Mato Grosso do Sul,MS,Centro-Oeste,500525,Laguna Carapã
Mato Grosso do Sul,MS,Centro-Oeste,500540,Maracaju
Mato Grosso do Sul,MS,Centro-Oeste,500560,Miranda
Mato Grosso do Sul,MS,Centro-Oeste,500568,Mundo Novo
Mato Grosso do Sul,MS,Centro-Oeste,500570,Naviraí
Mato Grosso do Sul,MS,Centro-Oeste,500580,Nioaque
Mato Grosso do Sul,MS,Centro-Oeste,500600,Nova Alvorada do Sul
Mato Grosso do Sul,MS,Centro-Oeste,500620,Nova Andradina
Mato Grosso do Sul,MS,Centro-Oeste,500625,Novo Horizonte do Sul
Mato Grosso do Sul,MS,Centro-Oeste,500627,Paraíso das Águas
Mato Grosso do Sul,MS,Centro-Oeste,500630,Paranaíba
Mato Grosso do Sul,MS,Centro-Oeste,500635,Paranhos
Mato Grosso do Sul,MS,Centro-Oeste,500640,Pedro Gomes
Mato Grosso do Sul,MS,Centro-Oeste,500660,Ponta Porã
Mato Grosso do Sul,MS,Centro-Oeste,500690,Porto Murtinho
Mato Grosso do Sul,MS,Centro-Oeste,500710,Ribas do Rio Pardo
Mato Grosso do Sul,MS,Centro-Oeste,500720,Rio Brilhante
Mato Grosso do Sul,MS,Centro-Oeste,500730,Rio Negro
Mato Grosso do Sul,MS,Centro-Oeste,500740,Rio Verde de Mato Grosso
Mato Grosso do Sul,MS,Centro-Oeste,500750,Rochedo
Mato Grosso do Sul,MS,Centro-Oeste,500755,Santa Rita do Pardo
Mato Grosso do Sul,MS,Centro-Oeste,500769,São Gabriel do Oeste
Mato Grosso do Sul,MS,Centro-Oeste,500780,Selvíria
Mato Grosso do Sul,MS,Centro-Oeste,500770,Sete Quedas
Mato Grosso do Sul,MS,Centro-Oeste,500790,Sidrolândia
Mato Grosso do Sul,MS,Centro-Oeste,500793,Sonora
Mato Grosso do Sul,MS,Centro-Oeste,500795,Tacuru
Mato Grosso do Sul,MS,Centro-Oeste,500797,Taquarussu
Mato Grosso do Sul,MS,Centro-Oeste,500800,Terenos
Mato Grosso do Sul,MS,Centro-Oeste,500830,Três Lagoas
Mato Grosso do Sul,MS,Centro-Oeste,500840,Vicentina
Mato Grosso,MT,Centro-Oeste,510010,Acorizal
Mato Grosso,MT,Centro-Oeste,510020,Água Boa
Mato Grosso,MT,Centro-Oeste,510025,Alta Floresta
Mato Grosso,MT,Centro-Oeste,510030,Alto Araguaia
Mato Grosso,MT,Centro-Oeste,510035,Alto Boa Vista
Mato Grosso,MT,Centro-Oeste,510040,Alto Garças
Mato Grosso,MT,Centro-Oeste,510050,Alto Paraguai
Mato Grosso,MT,Centro-Oeste,510060,Alto Taquari
Mato Grosso,MT,Centro-Oeste,510080,Apiacás
Mato Grosso,MT,Centro-Oeste,510100,Araguaiana
Mato Grosso,MT,Centro-Oeste,510120,Araguainha
Mato Grosso,MT,Centro-Oeste,510125,Araputanga
Mato Grosso,MT,Centro-Oeste,510130,Arenápolis
Mato Grosso,MT,Centro-Oeste,510140,Aripuanã
Mato Grosso,MT,Centro-Oeste,510160,Barão de Melgaço
Mato Grosso,MT,Centro-Oeste,510170,Barra do Bugres
Mato Grosso,MT,Centro-Oeste,510180,Barra do Garças
Mato Grosso,MT,Centro-Oeste,510183,Boa Esperança do Norte
Mato Grosso,MT,Centro-Oeste,510185,Bom Jesus do Araguaia
Mato Grosso,MT,Centro-Oeste,510190,Brasnorte
Mato Grosso,MT,Centro-Oeste,510250,Cáceres
Mato Grosso,MT,Centro-Oeste,510260,Campinápolis
Mato Grosso,MT,Centro-Oeste,510263,Campo Novo do Parecis
Mato Grosso,MT,Centro-Oeste,510267,Campo Verde
Mato Grosso,MT,Centro-Oeste,510268,Campos de Júlio
Mato Grosso,MT,Centro-Oeste,510269,Canabrava do Norte
Mato Grosso,MT,Centro-Oeste,510270,Canarana
Mato Grosso,MT,Centro-Oeste,510279,Carlinda
Mato Grosso,MT,Centro-Oeste,510285,Castanheira
Mato Grosso,MT,Centro-Oeste,510300,Chapada dos Guimarães
Mato Grosso,MT,Centro-Oeste,510305,Cláudia
Mato Grosso,MT,Centro-Oeste,510310,Cocalinho
Mato Grosso,MT,Centro-Oeste,510320,Colíder
Mato Grosso,MT,Centro-Oeste,510325,Colniza
Mato Grosso,MT,Centro-Oeste,510330,Comodoro
Mato Grosso,MT,Centro-Oeste,510335,Confresa
Mato Grosso,MT,Centro-Oeste,510336,Conquista D'Oeste
Mato Grosso,MT,Centro-Oeste,510337,Cotriguaçu
Mato Grosso,MT,Centro-Oeste,510340,Cuiabá
Mato Grosso,MT,Centro-Oeste,510343,Curvelândia
Mato Grosso,MT,Centro-Oeste,510345,Denise
Mato Grosso,MT,Centro-Oeste,510350,Diamantino
Mato Grosso,MT,Centro-Oeste,510360,Dom Aquino
Mato Grosso,MT,Centro-Oeste,510370,Feliz Natal
Mato Grosso,MT,Centro-Oeste,510380,Figueirópolis D'Oeste
Mato Grosso,MT,Centro-Oeste,510385,Gaúcha do Norte
Mato Grosso,MT,Centro-Oeste,510390,General Carneiro
Mato Grosso,MT,Centro-Oeste,510395,Glória D'Oeste
Mato Grosso,MT,Centro-Oeste,510410,Guarantã do Norte
Mato Grosso,MT,Centro-Oeste,510420,Guiratinga
Mato Grosso,MT,Centro-Oeste,510450,Indiavaí
Mato Grosso,MT,Centro-Oeste,510452,Ipiranga do Norte
Mato Grosso,MT,Centro-Oeste,510454,Itanhangá
Mato Grosso,MT,Centro-Oeste,510455,Itaúba
Mato Grosso,MT,Centro-Oeste,510460,Itiquira
Mato Grosso,MT,Centro-Oeste,510480,Jaciara
Mato Grosso,MT,Centro-Oeste,510490,Jangada
Mato Grosso,MT,Centro-Oeste,510500,Jauru
Mato Grosso,MT,Centro-Oeste,510510,Juara
Mato Grosso,MT,Centro-Oeste,510515,Juína
Mato Grosso,MT,Centro-Oeste,510517,Juruena
Mato Grosso,MT,Centro-Oeste,510520,Juscimeira
Mato Grosso,MT,Centro-Oeste,510523,Lambari D'Oeste
Mato Grosso,MT,Centro-Oeste,510525,Lucas do Rio Verde
Mato Grosso,MT,Centro-Oeste,510530,Luciara
Mato Grosso,MT,Centro-Oeste,510558,Marcelândia
Mato Grosso,MT,Centro-Oeste,510560,Matupá
Mato Grosso,MT,Centro-Oeste,510562,Mirassol d'Oeste
Mato Grosso,MT,Centro-Oeste,510590,Nobres
Mato Grosso,MT,Centro-Oeste,510600,Nortelândia
Mato Grosso,MT,Centro-Oeste,510610,Nossa Senhora do Livramento
Mato Grosso,MT,Centro-Oeste,510615,Nova Bandeirantes
Mato Grosso,MT,Centro-Oeste,510620,Nova Brasilândia
Mato Grosso,MT,Centro-Oeste,510621,Nova Canaã do Norte
Mato Grosso,MT,Centro-Oeste,510880,Nova Guarita
Mato Grosso,MT,Centro-Oeste,510618,Nova Lacerda
Mato Grosso,MT,Centro-Oeste,510885,Nova Marilândia
Mato Grosso,MT,Centro-Oeste,510890,Nova Maringá
Mato Grosso,MT,Centro-Oeste,510895,Nova Monte Verde
Mato Grosso,MT,Centro-Oeste,510622,Nova Mutum
Mato Grosso,MT,Centro-Oeste,510617,Nova Nazaré
Mato Grosso,MT,Centro-Oeste,510623,Nova Olímpia
Mato Grosso,MT,Centro-Oeste,510619,Nova Santa Helena
Mato Grosso,MT,Centro-Oeste,510624,Nova Ubiratã
Mato Grosso,MT,Centro-Oeste,510625,Nova Xavantina
Mato Grosso,MT,Centro-Oeste,510627,Novo Horizonte do Norte
Mato Grosso,MT,Centro-Oeste,510626,Novo Mundo
Mato Grosso,MT,Centro-Oeste,510631,Novo Santo Antônio
Mato Grosso,MT,Centro-Oeste,510628,Novo São Joaquim
Mato Grosso,MT,Centro-Oeste,510629,Paranaíta
Mato Grosso,MT,Centro-Oeste,510630,Paranatinga
Mato Grosso,MT,Centro-Oeste,510637,Pedra Preta
Mato Grosso,MT,Centro-Oeste,510642,Peixoto de Azevedo
Mato Grosso,MT,Centro-Oeste,510645,Planalto da Serra
Mato Grosso,MT,Centro-Oeste,510650,Poconé
Mato Grosso,MT,Centro-Oeste,510665,Pontal do Araguaia
Mato Grosso,MT,Centro-Oeste,510670,Ponte Branca
Mato Grosso,MT,Centro-Oeste,510675,Pontes e Lacerda
Mato Grosso,MT,Centro-Oeste,510677,Porto Alegre do Norte
Mato Grosso,MT,Centro-Oeste,510680,Porto dos Gaúchos
Mato Grosso,MT,Centro-Oeste,510682,Porto Esperidião
Mato Grosso,MT,Centro-Oeste,510685,Porto Estrela
Mato Grosso,MT,Centro-Oeste,510700,Poxoréu
Mato Grosso,MT,Centro-Oeste,510704,Primavera do Leste
Mato Grosso,MT,Centro-Oeste,510706,Querência
Mato Grosso,MT,Centro-Oeste,510715,Reserva do Cabaçal
Mato Grosso,MT,Centro-Oeste,510718,Ribeirão Cascalheira
Mato Grosso,MT,Centro-Oeste,510719,Ribeirãozinho
Mato Grosso,MT,Centro-Oeste,510720,Rio Branco
Mato Grosso,MT,Centro-Oeste,510757,Rondolândia
Mato Grosso,MT,Centro-Oeste,510760,Rondonópolis
Mato Grosso,MT,Centro-Oeste,510770,Rosário Oeste
Mato Grosso,MT,Centro-Oeste,510775,Salto do Céu
Mato Grosso,MT,Centro-Oeste,510724,Santa Carmem
Mato Grosso,MT,Centro-Oeste,510774,Santa Cruz do Xingu
Mato Grosso,MT,Centro-Oeste,510776,Santa Rita do Trivelato
Mato Grosso,MT,Centro-Oeste,510777,Santa Terezinha
Mato Grosso,MT,Centro-Oeste,510726,Santo Afonso
Mato Grosso,MT,Centro-Oeste,510780,Santo Antônio de Leverger
Mato Grosso,MT,Centro-Oeste,510779,Santo Antônio do Leste
Mato Grosso,MT,Centro-Oeste,510785,São Félix do Araguaia
Mato Grosso,MT,Centro-Oeste,510729,São José do Povo
Mato Grosso,MT,Centro-Oeste,510730,São José do Rio Claro
Mato Grosso,MT,Centro-Oeste,510735,São José do Xingu
Mato Grosso,MT,Centro-Oeste,510710,São José dos Quatro Marcos
Mato Grosso,MT,Centro-Oeste,510740,São Pedro da Cipa
Mato Grosso,MT,Centro-Oeste,510787,Sapezal
Mato Grosso,MT,Centro-Oeste,510788,Serra Nova Dourada
Mato Grosso,MT,Centro-Oeste,510790,Sinop
Mato Grosso,MT,Centro-Oeste,510792,Sorriso
Mato Grosso,MT,Centro-Oeste,510794,Tabaporã
Mato Grosso,MT,Centro-Oeste,510795,Tangará da Serra
Mato Grosso,MT,Centro-Oeste,510800,Tapurah
Mato Grosso,MT,Centro-Oeste,510805,Terra Nova do Norte
Mato Grosso,MT,Centro-Oeste,510810,Tesouro
Mato Grosso,MT,Centro-Oeste,510820,Torixoréu
Mato Grosso,MT,Centro-Oeste,510830,União do Sul
Mato Grosso,MT,Centro-Oeste,510835,Vale de São Domingos
Mato Grosso,MT,Centro-Oeste,510840,Várzea Grande
Mato Grosso,MT,Centro-Oeste,510850,Vera
Mato Grosso,MT,Centro-Oeste,510550,Vila Bela da Santíssima Trindade
Mato Grosso,MT,Centro-Oeste,510860,Vila Rica
Alagoas,AL,Nordeste,270010,Água Branca
Alagoas,AL,Nordeste,270020,Anadia
Alagoas,AL,Nordeste,270030,Arapiraca
Alagoas,AL,Nordeste,270040,Atalaia
Alagoas,AL,Nordeste,270050,Barra de Santo Antônio
Alagoas,AL,Nordeste,270060,Barra de São Miguel
Alagoas,AL,Nordeste,270070,Batalha
Alagoas,AL,Nordeste,270080,Belém
Alagoas,AL,Nordeste,270090,Belo Monte
Alagoas,AL,Nordeste,270100,Boca da Mata
Alagoas,AL,Nordeste,270110,Branquinha
Alagoas,AL,Nordeste,270120,Cacimbinhas
Alagoas,AL,Nordeste,270130,Cajueiro
Alagoas,AL,Nordeste,270135,Campestre
Alagoas,AL,Nordeste,270140,Campo Alegre
Alagoas,AL,Nordeste,270150,Campo Grande
Alagoas,AL,Nordeste,270160,Canapi
Alagoas,AL,Nordeste,270170,Capela
Alagoas,AL,Nordeste,270180,Carneiros
Alagoas,AL,Nordeste,270190,Chã Preta
Alagoas,AL,Nordeste,270200,Coité do Nóia
Alagoas,AL,Nordeste,270210,Colônia Leopoldina
Alagoas,AL,Nordeste,270220,Coqueiro Seco
Alagoas,AL,Nordeste,270230,Coruripe
Alagoas,AL,Nordeste,270235,Craíbas
Alagoas,AL,Nordeste,270240,Delmiro Gouveia
Alagoas,AL,Nordeste,270250,Dois Riachos
Alagoas,AL,Nordeste,270255,Estrela de Alagoas
Alagoas,AL,Nordeste,270260,Feira Grande
Alagoas,AL,Nordeste,270270,Feliz Deserto
Alagoas,AL,Nordeste,270280,Flexeiras
Alagoas,AL,Nordeste,270290,Girau do Ponciano
Alagoas,AL,Nordeste,270300,Ibateguara
Alagoas,AL,Nordeste,270310,Igaci
Alagoas,AL,Nordeste,270320,Igreja Nova
Alagoas,AL,Nordeste,270330,Inhapi
Alagoas,AL,Nordeste,270340,Jacaré dos Homens
Alagoas,AL,Nordeste,270350,Jacuípe
Alagoas,AL,Nordeste,270360,Japaratinga
Alagoas,AL,Nordeste,270370,Jaramataia
Alagoas,AL,Nordeste,270375,Jequiá da Praia
Alagoas,AL,Nordeste,270380,Joaquim Gomes
Alagoas,AL,Nordeste,270390,Jundiá
Alagoas,AL,Nordeste,270400,Junqueiro
Alagoas,AL,Nordeste,270410,Lagoa da Canoa
Alagoas,AL,Nordeste,270420,Limoeiro de Anadia
Alagoas,AL,Nordeste,270430,Maceió
Alagoas,AL,Nordeste,270440,Major Isidoro
Alagoas,AL,Nordeste,270490,Mar Vermelho
Alagoas,AL,Nordeste,270450,Maragogi
Alagoas,AL,Nordeste,270460,Maravilha
Alagoas,AL,Nordeste,270470,Marechal Deodoro
Alagoas,AL,Nordeste,270480,Maribondo
Alagoas,AL,Nordeste,270500,Mata Grande
Alagoas,AL,Nordeste,270510,Matriz de Camaragibe
Alagoas,AL,Nordeste,270520,Messias
Alagoas,AL,Nordeste,270530,Minador do Negrão
Alagoas,AL,Nordeste,270540,Monteirópolis
Alagoas,AL,Nordeste,270550,Murici
Alagoas,AL,Nordeste,270560,Novo Lino
Alagoas,AL,Nordeste,270570,Olho d'Água das Flores
Alagoas,AL,Nordeste,270580,Olho d'Água do Casado
Alagoas,AL,Nordeste,270590,Olho d'Água Grande
Alagoas,AL,Nordeste,270600,Olivença
Alagoas,AL,Nordeste,270610,Ouro Branco
Alagoas,AL,Nordeste,270620,Palestina
Alagoas,AL,Nordeste,270630,Palmeira dos Índios
Alagoas,AL,Nordeste,270640,Pão de Açúcar
Alagoas,AL,Nordeste,270642,Pariconha
Alagoas,AL,Nordeste,270644,Paripueira
Alagoas,AL,Nordeste,270650,Passo de Camaragibe
Alagoas,AL,Nordeste,270660,Paulo Jacinto
Alagoas,AL,Nordeste,270670,Penedo
Alagoas,AL,Nordeste,270680,Piaçabuçu
Alagoas,AL,Nordeste,270690,Pilar
Alagoas,AL,Nordeste,270700,Pindoba
Alagoas,AL,Nordeste,270710,Piranhas
Alagoas,AL,Nordeste,270720,Poço das Trincheiras
Alagoas,AL,Nordeste,270730,Porto Calvo
Alagoas,AL,Nordeste,270740,Porto de Pedras
Alagoas,AL,Nordeste,270750,Porto Real do Colégio
Alagoas,AL,Nordeste,270760,Quebrangulo
Alagoas,AL,Nordeste,270770,Rio Largo
Alagoas,AL,Nordeste,270780,Roteiro
Alagoas,AL,Nordeste,270790,Santa Luzia do Norte
Alagoas,AL,Nordeste,270800,Santana do Ipanema
Alagoas,AL,Nordeste,270810,Santana do Mundaú
Alagoas,AL,Nordeste,270820,São Brás
Alagoas,AL,Nordeste,270830,São José da Laje
Alagoas,AL,Nordeste,270840,São José da Tapera
Alagoas,AL,Nordeste,270850,São Luís do Quitunde
Alagoas,AL,Nordeste,270860,São Miguel dos Campos
Alagoas,AL,Nordeste,270870,São Miguel dos Milagres
Alagoas,AL,Nordeste,270880,São Sebastião
Alagoas,AL,Nordeste,270890,Satuba
Alagoas,AL,Nordeste,270895,Senador Rui Palmeira
Alagoas,AL,Nordeste,270900,Tanque d'Arca
Alagoas,AL,Nordeste,270910,Taquarana
Alagoas,AL,Nordeste,270915,Teotônio Vilela
Alagoas,AL,Nordeste,270920,Traipu
Alagoas,AL,Nordeste,270930,União dos Palmares
Alagoas,AL,Nordeste,270940,Viçosa
Acre,AC,Norte,120001,Acrelândia
Acre,AC,Norte,120005,Assis Brasil
Acre,AC,Norte,120010,Brasiléia
Acre,AC,Norte,120013,Bujari
Acre,AC,Norte,120017,Capixaba
Acre,AC,Norte,120020,Cruzeiro do Sul
Acre,AC,Norte,120025,Epitaciolândia
Acre,AC,Norte,120030,Feijó
Acre,AC,Norte,120032,Jordão
Acre,AC,Norte,120033,Mâncio Lima
Acre,AC,Norte,120034,Manoel Urbano
Acre,AC,Norte,120035,Marechal Thaumaturgo
Acre,AC,Norte,120038,Plácido de Castro
Acre,AC,Norte,120080,Porto Acre
Acre,AC,Norte,120039,Porto Walter
Acre,AC,Norte,120040,Rio Branco
Acre,AC,Norte,120042,Rodrigues Alves
Acre,AC,Norte,120043,Santa Rosa do Purus
Acre,AC,Norte,120050,Sena Madureira
Acre,AC,Norte,120045,Senador Guiomard
Acre,AC,Norte,120060,Tarauacá
Acre,AC,Norte,120070,Xapuri
Sergipe,SE,Nordeste,280010,Amparo do São Francisco
Sergipe,SE,Nordeste,280020,Aquidabã
Sergipe,SE,Nordeste,280030,Aracaju
Sergipe,SE,Nordeste,280040,Arauá
Sergipe,SE,Nordeste,280050,Areia Branca
Sergipe,SE,Nordeste,280060,Barra dos Coqueiros
Sergipe,SE,Nordeste,280067,Boquim
Sergipe,SE,Nordeste,280070,Brejo Grande
Sergipe,SE,Nordeste,280100,Campo do Brito
Sergipe,SE,Nordeste,280110,Canhoba
Sergipe,SE,Nordeste,280120,Canindé de São Francisco
Sergipe,SE,Nordeste,280130,Capela
Sergipe,SE,Nordeste,280140,Carira
Sergipe,SE,Nordeste,280150,Carmópolis
Sergipe,SE,Nordeste,280160,Cedro de São João
Sergipe,SE,Nordeste,280170,Cristinápolis
Sergipe,SE,Nordeste,280190,Cumbe
Sergipe,SE,Nordeste,280200,Divina Pastora
Sergipe,SE,Nordeste,280210,Estância
Sergipe,SE,Nordeste,280220,Feira Nova
Sergipe,SE,Nordeste,280230,Frei Paulo
Sergipe,SE,Nordeste,280240,Gararu
Sergipe,SE,Nordeste,280250,General Maynard
Sergipe,SE,Nordeste,280260,Graccho Cardoso
Sergipe,SE,Nordeste,280270,Ilha das Flores
Sergipe,SE,Nordeste,280280,Indiaroba
Sergipe,SE,Nordeste,280290,Itabaiana
Sergipe,SE,Nordeste,280300,Itabaianinha
Sergipe,SE,Nordeste,280310,Itabi
Sergipe,SE,Nordeste,280320,Itaporanga d'Ajuda
Sergipe,SE,Nordeste,280330,Japaratuba
Sergipe,SE,Nordeste,280340,Japoatã
Sergipe,SE,Nordeste,280350,Lagarto
Sergipe,SE,Nordeste,280360,Laranjeiras
Sergipe,SE,Nordeste,280370,Macambira
Sergipe,SE,Nordeste,280380,Malhada dos Bois
Sergipe,SE,Nordeste,280390,Malhador
Sergipe,SE,Nordeste,280400,Maruim
Sergipe,SE,Nordeste,280410,Moita Bonita
Sergipe,SE,Nordeste,280420,Monte Alegre de Sergipe
Sergipe,SE,Nordeste,280430,Muribeca
Sergipe,SE,Nordeste,280440,Neópolis
Sergipe,SE,Nordeste,280445,Nossa Senhora Aparecida
Sergipe,SE,Nordeste,280450,Nossa Senhora da Glória
Sergipe,SE,Nordeste,280460,Nossa Senhora das Dores
Sergipe,SE,Nordeste,280470,Nossa Senhora de Lourdes
Sergipe,SE,Nordeste,280480,Nossa Senhora do Socorro
Sergipe,SE,Nordeste,280490,Pacatuba
Sergipe,SE,Nordeste,280500,Pedra Mole
Sergipe,SE,Nordeste,280510,Pedrinhas
Sergipe,SE,Nordeste,280520,Pinhão
Sergipe,SE,Nordeste,280530,Pirambu
Sergipe,SE,Nordeste,280540,Poço Redondo
Sergipe,SE,Nordeste,280550,Poço Verde
Sergipe,SE,Nordeste,280560,Porto da Folha
Sergipe,SE,Nordeste,280570,Propriá
Sergipe,SE,Nordeste,280580,Riachão do Dantas
Sergipe,SE,Nordeste,280590,Riachuelo
Sergipe,SE,Nordeste,280600,Ribeirópolis
Sergipe,SE,Nordeste,280610,Rosário do Catete
Sergipe,SE,Nordeste,280620,Salgado
Sergipe,SE,Nordeste,280630,Santa Luzia do Itanhy
Sergipe,SE,Nordeste,280650,Santa Rosa de Lima
Sergipe,SE,Nordeste,280640,Santana do São Francisco
Sergipe,SE,Nordeste,280660,Santo Amaro das Brotas
Sergipe,SE,Nordeste,280670,São Cristóvão
Sergipe,SE,Nordeste,280680,São Domingos
Sergipe,SE,Nordeste,280690,São Francisco
Sergipe,SE,Nordeste,280700,São Miguel do Aleixo
Sergipe,SE,Nordeste,280710,Simão Dias
Sergipe,SE,Nordeste,280720,Siriri
Sergipe,SE,Nordeste,280730,Telha
Sergipe,SE,Nordeste,280740,Tobias Barreto
Sergipe,SE,Nordeste,280750,Tomar do Geru
Sergipe,SE,Nordeste,280760,Umbaúba
Amazonas,AM,Norte,130002,Alvarães
Amazonas,AM,Norte,130006,Amaturá
Amazonas,AM,Norte,130008,Anamã
Amazonas,AM,Norte,130010,Anori
Amazonas,AM,Norte,130014,Apuí
Amazonas,AM,Norte,130020,Atalaia do Norte
Amazonas,AM,Norte,130030,Autazes
Amazonas,AM,Norte,130040,Barcelos
Amazonas,AM,Norte,130050,Barreirinha
Amazonas,AM,Norte,130060,Benjamin Constant
Amazonas,AM,Norte,130063,Beruri
Amazonas,AM,Norte,130068,Boa Vista do Ramos
Amazonas,AM,Norte,130070,Boca do Acre
Amazonas,AM,Norte,130080,Borba
Amazonas,AM,Norte,130083,Caapiranga
Amazonas,AM,Norte,130090,Canutama
Amazonas,AM,Norte,130100,Carauari
Amazonas,AM,Norte,130110,Careiro
Amazonas,AM,Norte,130115,Careiro da Várzea
Amazonas,AM,Norte,130120,Coari
Amazonas,AM,Norte,130130,Codajás
Amazonas,AM,Norte,130140,Eirunepé
Amazonas,AM,Norte,130150,Envira
Amazonas,AM,Norte,130160,Fonte Boa
Amazonas,AM,Norte,130165,Guajará
Amazonas,AM,Norte,130170,Humaitá
Amazonas,AM,Norte,130180,Ipixuna
Amazonas,AM,Norte,130185,Iranduba
Amazonas,AM,Norte,130190,Itacoatiara
Amazonas,AM,Norte,130195,Itamarati
Amazonas,AM,Norte,130200,Itapiranga
Amazonas,AM,Norte,130210,Japurá
Amazonas,AM,Norte,130220,Juruá
Amazonas,AM,Norte,130230,Jutaí
Amazonas,AM,Norte,130240,Lábrea
Amazonas,AM,Norte,130250,Manacapuru
Amazonas,AM,Norte,130255,Manaquiri
Amazonas,AM,Norte,130260,Manaus
Amazonas,AM,Norte,130270,Manicoré
Amazonas,AM,Norte,130280,Maraã
Amazonas,AM,Norte,130290,Maués
Amazonas,AM,Norte,130300,Nhamundá
Amazonas,AM,Norte,130310,Nova Olinda do Norte
Amazonas,AM,Norte,130320,Novo Airão
Amazonas,AM,Norte,130330,Novo Aripuanã
Amazonas,AM,Norte,130340,Parintins
Amazonas,AM,Norte,130350,Pauini
Amazonas,AM,Norte,130353,Presidente Figueiredo
Amazonas,AM,Norte,130356,Rio Preto da Eva
Amazonas,AM,Norte,130360,Santa Isabel do Rio Negro
Amazonas,AM,Norte,130370,Santo Antônio do Içá
Amazonas,AM,Norte,130380,São Gabriel da Cachoeira
Amazonas,AM,Norte,130390,São Paulo de Olivença
Amazonas,AM,Norte,130395,São Sebastião do Uatumã
Amazonas,AM,Norte,130400,Silves
Amazonas,AM,Norte,130406,Tabatinga
Amazonas,AM,Norte,130410,Tapauá
Amazonas,AM,Norte,130420,Tefé
Amazonas,AM,Norte,130423,Tonantins
Amazonas,AM,Norte,130426,Uarini
Amazonas,AM,Norte,130430,Urucará
Amazonas,AM,Norte,130440,Urucurituba
Paraíba,PB,Nordeste,250010,Água Branca
Paraíba,PB,Nordeste,250020,Aguiar
Paraíba,PB,Nordeste,250030,Alagoa Grande
Paraíba,PB,Nordeste,250040,Alagoa Nova
Paraíba,PB,Nordeste,250050,Alagoinha
Paraíba,PB,Nordeste,250053,Alcantil
Paraíba,PB,Nordeste,250057,Algodão de Jandaíra
Paraíba,PB,Nordeste,250060,Alhandra
Paraíba,PB,Nordeste,250073,Amparo
Paraíba,PB,Nordeste,250077,Aparecida
Paraíba,PB,Nordeste,250080,Araçagi
Paraíba,PB,Nordeste,250090,Arara
Paraíba,PB,Nordeste,250100,Araruna
Paraíba,PB,Nordeste,250110,Areia
Paraíba,PB,Nordeste,250115,Areia de Baraúnas
Paraíba,PB,Nordeste,250120,Areial
Paraíba,PB,Nordeste,250130,Aroeiras
Paraíba,PB,Nordeste,250135,Assunção
Paraíba,PB,Nordeste,250140,Baía da Traição
Paraíba,PB,Nordeste,250150,Bananeiras
Paraíba,PB,Nordeste,250153,Baraúna
Paraíba,PB,Nordeste,250160,Barra de Santa Rosa
Paraíba,PB,Nordeste,250157,Barra de Santana
Paraíba,PB,Nordeste,250170,Barra de São Miguel
Paraíba,PB,Nordeste,250180,Bayeux
Paraíba,PB,Nordeste,250190,Belém
Paraíba,PB,Nordeste,250200,Belém do Brejo do Cruz
Paraíba,PB,Nordeste,250205,Bernardino Batista
Paraíba,PB,Nordeste,250210,Boa Ventura
Paraíba,PB,Nordeste,250215,Boa Vista
Paraíba,PB,Nordeste,250220,Bom Jesus
Paraíba,PB,Nordeste,250230,Bom Sucesso
Paraíba,PB,Nordeste,250240,Bonito de Santa Fé
Paraíba,PB,Nordeste,250250,Boqueirão
Paraíba,PB,Nordeste,250270,Borborema
Paraíba,PB,Nordeste,250280,Brejo do Cruz
Paraíba,PB,Nordeste,250290,Brejo dos Santos
Paraíba,PB,Nordeste,250300,Caaporã
Paraíba,PB,Nordeste,250310,Cabaceiras
Paraíba,PB,Nordeste,250320,Cabedelo
Paraíba,PB,Nordeste,250330,Cachoeira dos Índios
Paraíba,PB,Nordeste,250340,Cacimba de Areia
Paraíba,PB,Nordeste,250350,Cacimba de Dentro
Paraíba,PB,Nordeste,250355,Cacimbas
Paraíba,PB,Nordeste,250360,Caiçara
Paraíba,PB,Nordeste,250370,Cajazeiras
Paraíba,PB,Nordeste,250375,Cajazeirinhas
Paraíba,PB,Nordeste,250380,Caldas Brandão
Paraíba,PB,Nordeste,250390,Camalaú
Paraíba,PB,Nordeste,250400,Campina Grande
Paraíba,PB,Nordeste,250403,Capim
Paraíba,PB,Nordeste,250407,Caraúbas
Paraíba,PB,Nordeste,250410,Carrapateira
Paraíba,PB,Nordeste,250415,Casserengue
Paraíba,PB,Nordeste,250420,Catingueira
Paraíba,PB,Nordeste,250430,Catolé do Rocha
Paraíba,PB,Nordeste,250435,Caturité
Paraíba,PB,Nordeste,250440,Conceição
Paraíba,PB,Nordeste,250450,Condado
Paraíba,PB,Nordeste,250460,Conde
Paraíba,PB,Nordeste,250470,Congo
Paraíba,PB,Nordeste,250480,Coremas
Paraíba,PB,Nordeste,250485,Coxixola
Paraíba,PB,Nordeste,250490,Cruz do Espírito Santo
Paraíba,PB,Nordeste,250500,Cubati
Paraíba,PB,Nordeste,250510,Cuité
Paraíba,PB,Nordeste,250523,Cuité de Mamanguape
Paraíba,PB,Nordeste,250520,Cuitegi
Paraíba,PB,Nordeste,250527,Curral de Cima
Paraíba,PB,Nordeste,250530,Curral Velho
Paraíba,PB,Nordeste,250535,Damião
Paraíba,PB,Nordeste,250540,Desterro
Paraíba,PB,Nordeste,250560,Diamante
Paraíba,PB,Nordeste,250570,Dona Inês
Paraíba,PB,Nordeste,250580,Duas Estradas
Paraíba,PB,Nordeste,250590,Emas
Paraíba,PB,Nordeste,250600,Esperança
Paraíba,PB,Nordeste,250610,Fagundes
Paraíba,PB,Nordeste,250620,Frei Martinho
Paraíba,PB,Nordeste,250625,Gado Bravo
Paraíba,PB,Nordeste,250630,Guarabira
Paraíba,PB,Nordeste,250640,Gurinhém
Paraíba,PB,Nordeste,250650,Gurjão
Paraíba,PB,Nordeste,250660,Ibiara
Paraíba,PB,Nordeste,250260,Igaracy
Paraíba,PB,Nordeste,250670,Imaculada
Paraíba,PB,Nordeste,250680,Ingá
Paraíba,PB,Nordeste,250690,Itabaiana
Paraíba,PB,Nordeste,250700,Itaporanga
Paraíba,PB,Nordeste,250710,Itapororoca
Paraíba,PB,Nordeste,250720,Itatuba
Paraíba,PB,Nordeste,250730,Jacaraú
Paraíba,PB,Nordeste,250740,Jericó
Paraíba,PB,Nordeste,250750,João Pessoa
Paraíba,PB,Nordeste,251365,Joca Claudino
Paraíba,PB,Nordeste,250760,Juarez Távora
Paraíba,PB,Nordeste,250770,Juazeirinho
Paraíba,PB,Nordeste,250780,Junco do Seridó
Paraíba,PB,Nordeste,250790,Juripiranga
Paraíba,PB,Nordeste,250800,Juru
Paraíba,PB,Nordeste,250810,Lagoa
Paraíba,PB,Nordeste,250820,Lagoa de Dentro
Paraíba,PB,Nordeste,250830,Lagoa Seca
Paraíba,PB,Nordeste,250840,Lastro
Paraíba,PB,Nordeste,250850,Livramento
Paraíba,PB,Nordeste,250855,Logradouro
Paraíba,PB,Nordeste,250860,Lucena
Paraíba,PB,Nordeste,250870,Mãe d'Água
Paraíba,PB,Nordeste,250880,Malta
Paraíba,PB,Nordeste,250890,Mamanguape
Paraíba,PB,Nordeste,250900,Manaíra
Paraíba,PB,Nordeste,250905,Marcação
Paraíba,PB,Nordeste,250910,Mari
Paraíba,PB,Nordeste,250915,Marizópolis
Paraíba,PB,Nordeste,250920,Massaranduba
Paraíba,PB,Nordeste,250930,Mataraca
Paraíba,PB,Nordeste,250933,Matinhas
Paraíba,PB,Nordeste,250937,Mato Grosso
Paraíba,PB,Nordeste,250939,Maturéia
Paraíba,PB,Nordeste,250940,Mogeiro
Paraíba,PB,Nordeste,250950,Montadas
Paraíba,PB,Nordeste,250960,Monte Horebe
Paraíba,PB,Nordeste,250970,Monteiro
Paraíba,PB,Nordeste,250980,Mulungu
Paraíba,PB,Nordeste,250990,Natuba
Paraíba,PB,Nordeste,251000,Nazarezinho
Paraíba,PB,Nordeste,251010,Nova Floresta
Paraíba,PB,Nordeste,251020,Nova Olinda
Paraíba,PB,Nordeste,251030,Nova Palmeira
Paraíba,PB,Nordeste,251040,Olho d'Água
Paraíba,PB,Nordeste,251050,Olivedos
Paraíba,PB,Nordeste,251060,Ouro Velho
Paraíba,PB,Nordeste,251065,Parari
Paraíba,PB,Nordeste,251070,Passagem
Paraíba,PB,Nordeste,251080,Patos
Paraíba,PB,Nordeste,251090,Paulista
Paraíba,PB,Nordeste,251100,Pedra Branca
Paraíba,PB,Nordeste,251110,Pedra Lavrada
Paraíba,PB,Nordeste,251120,Pedras de Fogo
Paraíba,PB,Nordeste,251272,Pedro Régis
Paraíba,PB,Nordeste,251130,Piancó
Paraíba,PB,Nordeste,251140,Picuí
Paraíba,PB,Nordeste,251150,Pilar
Paraíba,PB,Nordeste,251160,Pilões
Paraíba,PB,Nordeste,251170,Pilõezinhos
Paraíba,PB,Nordeste,251180,Pirpirituba
Paraíba,PB,Nordeste,251190,Pitimbu
Paraíba,PB,Nordeste,251200,Pocinhos
Paraíba,PB,Nordeste,251203,Poço Dantas
Paraíba,PB,Nordeste,251207,Poço de José de Moura
Paraíba,PB,Nordeste,251210,Pombal
Paraíba,PB,Nordeste,251220,Prata
Paraíba,PB,Nordeste,251230,Princesa Isabel
Paraíba,PB,Nordeste,251240,Puxinanã
Paraíba,PB,Nordeste,251250,Queimadas
Paraíba,PB,Nordeste,251260,Quixaba
Paraíba,PB,Nordeste,251270,Remígio
Paraíba,PB,Nordeste,251274,Riachão
Paraíba,PB,Nordeste,251275,Riachão do Bacamarte
Paraíba,PB,Nordeste,251276,Riachão do Poço
Paraíba,PB,Nordeste,251278,Riacho de Santo Antônio
Paraíba,PB,Nordeste,251280,Riacho dos Cavalos
Paraíba,PB,Nordeste,251290,Rio Tinto
Paraíba,PB,Nordeste,251300,Salgadinho
Paraíba,PB,Nordeste,251310,Salgado de São Félix
Paraíba,PB,Nordeste,251315,Santa Cecília
Paraíba,PB,Nordeste,251320,Santa Cruz
Paraíba,PB,Nordeste,251330,Santa Helena
Paraíba,PB,Nordeste,251335,Santa Inês
Paraíba,PB,Nordeste,251340,Santa Luzia
Paraíba,PB,Nordeste,251370,Santa Rita
Paraíba,PB,Nordeste,251380,Santa Teresinha
Paraíba,PB,Nordeste,251350,Santana de Mangueira
Paraíba,PB,Nordeste,251360,Santana dos Garrotes
Paraíba,PB,Nordeste,251385,Santo André
Paraíba,PB,Nordeste,251392,São Bentinho
Paraíba,PB,Nordeste,251390,São Bento
Paraíba,PB,Nordeste,251396,São Domingos
Paraíba,PB,Nordeste,251394,São Domingos do Cariri
Paraíba,PB,Nordeste,251398,São Francisco
Paraíba,PB,Nordeste,251400,São João do Cariri
Paraíba,PB,Nordeste,250070,São João do Rio do Peixe
Paraíba,PB,Nordeste,251410,São João do Tigre
Paraíba,PB,Nordeste,251420,São José da Lagoa Tapada
Paraíba,PB,Nordeste,251430,São José de Caiana
Paraíba,PB,Nordeste,251440,São José de Espinharas
Paraíba,PB,Nordeste,251450,São José de Piranhas
Paraíba,PB,Nordeste,251455,São José de Princesa
Paraíba,PB,Nordeste,251460,São José do Bonfim
Paraíba,PB,Nordeste,251465,São José do Brejo do Cruz
Paraíba,PB,Nordeste,251470,São José do Sabugi
Paraíba,PB,Nordeste,251480,São José dos Cordeiros
Paraíba,PB,Nordeste,251445,São José dos Ramos
Paraíba,PB,Nordeste,251490,São Mamede
Paraíba,PB,Nordeste,251500,São Miguel de Taipu
Paraíba,PB,Nordeste,251510,São Sebastião de Lagoa de Roça
Paraíba,PB,Nordeste,251520,São Sebastião do Umbuzeiro
Paraíba,PB,Nordeste,251540,São Vicente do Seridó
Paraíba,PB,Nordeste,251530,Sapé
Paraíba,PB,Nordeste,251550,Serra Branca
Paraíba,PB,Nordeste,251560,Serra da Raiz
Paraíba,PB,Nordeste,251570,Serra Grande
Paraíba,PB,Nordeste,251580,Serra Redonda
Paraíba,PB,Nordeste,251590,Serraria
Paraíba,PB,Nordeste,251593,Sertãozinho
Paraíba,PB,Nordeste,251597,Sobrado
Paraíba,PB,Nordeste,251600,Solânea
Paraíba,PB,Nordeste,251610,Soledade
Paraíba,PB,Nordeste,251615,Sossêgo
Paraíba,PB,Nordeste,251620,Sousa
Paraíba,PB,Nordeste,251630,Sumé
Paraíba,PB,Nordeste,251640,Tacima
Paraíba,PB,Nordeste,251650,Taperoá
Paraíba,PB,Nordeste,251660,Tavares
Paraíba,PB,Nordeste,251670,Teixeira
Paraíba,PB,Nordeste,251675,Tenório
Paraíba,PB,Nordeste,251680,Triunfo
Paraíba,PB,Nordeste,251690,Uiraúna
Paraíba,PB,Nordeste,251700,Umbuzeiro
Paraíba,PB,Nordeste,251710,Várzea
Paraíba,PB,Nordeste,251720,Vieirópolis
Paraíba,PB,Nordeste,250550,Vista Serrana
Paraíba,PB,Nordeste,251740,Zabelê
Pernambuco,PE,Nordeste,260005,Abreu e Lima
Pernambuco,PE,Nordeste,260010,Afogados da Ingazeira
Pernambuco,PE,Nordeste,260020,Afrânio
Pernambuco,PE,Nordeste,260030,Agrestina
Pernambuco,PE,Nordeste,260040,Água Preta
Pernambuco,PE,Nordeste,260050,Águas Belas
Pernambuco,PE,Nordeste,260060,Alagoinha
Pernambuco,PE,Nordeste,260070,Aliança
Pernambuco,PE,Nordeste,260080,Altinho
Pernambuco,PE,Nordeste,260090,Amaraji
Pernambuco,PE,Nordeste,260100,Angelim
Pernambuco,PE,Nordeste,260105,Araçoiaba
Pernambuco,PE,Nordeste,260110,Araripina
Pernambuco,PE,Nordeste,260120,Arcoverde
Pernambuco,PE,Nordeste,260130,Barra de Guabiraba
Pernambuco,PE,Nordeste,260140,Barreiros
Pernambuco,PE,Nordeste,260150,Belém de Maria
Pernambuco,PE,Nordeste,260160,Belém do São Francisco
Pernambuco,PE,Nordeste,260170,Belo Jardim
Pernambuco,PE,Nordeste,260180,Betânia
Pernambuco,PE,Nordeste,260190,Bezerros
Pernambuco,PE,Nordeste,260200,Bodocó
Pernambuco,PE,Nordeste,260210,Bom Conselho
Pernambuco,PE,Nordeste,260220,Bom Jardim
Pernambuco,PE,Nordeste,260230,Bonito
Pernambuco,PE,Nordeste,260240,Brejão
Pernambuco,PE,Nordeste,260250,Brejinho
Pernambuco,PE,Nordeste,260260,Brejo da Madre de Deus
Pernambuco,PE,Nordeste,260270,Buenos Aires
Pernambuco,PE,Nordeste,260280,Buíque
Pernambuco,PE,Nordeste,260290,Cabo de Santo Agostinho
Pernambuco,PE,Nordeste,260300,Cabrobó
Pernambuco,PE,Nordeste,260310,Cachoeirinha
Pernambuco,PE,Nordeste,260320,Caetés
Pernambuco,PE,Nordeste,260330,Calçado
Pernambuco,PE,Nordeste,260340,Calumbi
Pernambuco,PE,Nordeste,260345,Camaragibe
Pernambuco,PE,Nordeste,260350,Camocim de São Félix
Pernambuco,PE,Nordeste,260360,Camutanga
Pernambuco,PE,Nordeste,260370,Canhotinho
Pernambuco,PE,Nordeste,260380,Capoeiras
Pernambuco,PE,Nordeste,260390,Carnaíba
Pernambuco,PE,Nordeste,260392,Carnaubeira da Penha
Pernambuco,PE,Nordeste,260400,Carpina
Pernambuco,PE,Nordeste,260410,Caruaru
Pernambuco,PE,Nordeste,260415,Casinhas
Pernambuco,PE,Nordeste,260420,Catende
Pernambuco,PE,Nordeste,260430,Cedro
Pernambuco,PE,Nordeste,260440,Chã de Alegria
Pernambuco,PE,Nordeste,260450,Chã Grande
Pernambuco,PE,Nordeste,260460,Condado
Pernambuco,PE,Nordeste,260470,Correntes
Pernambuco,PE,Nordeste,260480,Cortês
Pernambuco,PE,Nordeste,260490,Cumaru
Pernambuco,PE,Nordeste,260500,Cupira
Pernambuco,PE,Nordeste,260510,Custódia
Pernambuco,PE,Nordeste,260515,Dormentes
Pernambuco,PE,Nordeste,260520,Escada
Pernambuco,PE,Nordeste,260530,Exu
Pernambuco,PE,Nordeste,260540,Feira Nova
Pernambuco,PE,Nordeste,260545,Fernando de Noronha
Pernambuco,PE,Nordeste,260550,Ferreiros
Pernambuco,PE,Nordeste,260560,Flores
Pernambuco,PE,Nordeste,260570,Floresta
Pernambuco,PE,Nordeste,260580,Frei Miguelinho
Pernambuco,PE,Nordeste,260590,Gameleira
Pernambuco,PE,Nordeste,260600,Garanhuns
Pernambuco,PE,Nordeste,260610,Glória do Goitá
Pernambuco,PE,Nordeste,260620,Goiana
Pernambuco,PE,Nordeste,260630,Granito
Pernambuco,PE,Nordeste,260640,Gravatá
Pernambuco,PE,Nordeste,260650,Iati
Pernambuco,PE,Nordeste,260660,Ibimirim
Pernambuco,PE,Nordeste,260670,Ibirajuba
Pernambuco,PE,Nordeste,260680,Igarassu
Pernambuco,PE,Nordeste,260690,Iguaracy
Pernambuco,PE,Nordeste,260760,Ilha de Itamaracá
Pernambuco,PE,Nordeste,260700,Inajá
Pernambuco,PE,Nordeste,260710,Ingazeira
Pernambuco,PE,Nordeste,260720,Ipojuca
Pernambuco,PE,Nordeste,260730,Ipubi
Pernambuco,PE,Nordeste,260740,Itacuruba
Pernambuco,PE,Nordeste,260750,Itaíba
Pernambuco,PE,Nordeste,260765,Itambé
Pernambuco,PE,Nordeste,260770,Itapetim
Pernambuco,PE,Nordeste,260775,Itapissuma
Pernambuco,PE,Nordeste,260780,Itaquitinga
Pernambuco,PE,Nordeste,260790,Jaboatão dos Guararapes
Pernambuco,PE,Nordeste,260795,Jaqueira
Pernambuco,PE,Nordeste,260800,Jataúba
Pernambuco,PE,Nordeste,260805,Jatobá
Pernambuco,PE,Nordeste,260810,João Alfredo
Pernambuco,PE,Nordeste,260820,Joaquim Nabuco
Pernambuco,PE,Nordeste,260825,Jucati
Pernambuco,PE,Nordeste,260830,Jupi
Pernambuco,PE,Nordeste,260840,Jurema
Pernambuco,PE,Nordeste,260850,Lagoa de Itaenga
Pernambuco,PE,Nordeste,260845,Lagoa do Carro
Pernambuco,PE,Nordeste,260860,Lagoa do Ouro
Pernambuco,PE,Nordeste,260870,Lagoa dos Gatos
Pernambuco,PE,Nordeste,260875,Lagoa Grande
Pernambuco,PE,Nordeste,260880,Lajedo
Pernambuco,PE,Nordeste,260890,Limoeiro
Pernambuco,PE,Nordeste,260900,Macaparana
Pernambuco,PE,Nordeste,260910,Machados
Pernambuco,PE,Nordeste,260915,Manari
Pernambuco,PE,Nordeste,260920,Maraial
Pernambuco,PE,Nordeste,260930,Mirandiba
Pernambuco,PE,Nordeste,261430,Moreilândia
Pernambuco,PE,Nordeste,260940,Moreno
Pernambuco,PE,Nordeste,260950,Nazaré da Mata
Pernambuco,PE,Nordeste,260960,Olinda
Pernambuco,PE,Nordeste,260970,Orobó
Pernambuco,PE,Nordeste,260980,Orocó
Pernambuco,PE,Nordeste,260990,Ouricuri
Pernambuco,PE,Nordeste,261000,Palmares
Pernambuco,PE,Nordeste,261010,Palmeirina
Pernambuco,PE,Nordeste,261020,Panelas
Pernambuco,PE,Nordeste,261030,Paranatama
Pernambuco,PE,Nordeste,261040,Parnamirim
Pernambuco,PE,Nordeste,261050,Passira
Pernambuco,PE,Nordeste,261060,Paudalho
Pernambuco,PE,Nordeste,261070,Paulista
Pernambuco,PE,Nordeste,261080,Pedra
Pernambuco,PE,Nordeste,261090,Pesqueira
Pernambuco,PE,Nordeste,261100,Petrolândia
Pernambuco,PE,Nordeste,261110,Petrolina
Pernambuco,PE,Nordeste,261120,Poção
Pernambuco,PE,Nordeste,261130,Pombos
Pernambuco,PE,Nordeste,261140,Primavera
Pernambuco,PE,Nordeste,261150,Quipapá
Pernambuco,PE,Nordeste,261153,Quixaba
Pernambuco,PE,Nordeste,261160,Recife
Pernambuco,PE,Nordeste,261170,Riacho das Almas
Pernambuco,PE,Nordeste,261180,Ribeirão
Pernambuco,PE,Nordeste,261190,Rio Formoso
Pernambuco,PE,Nordeste,261200,Sairé
Pernambuco,PE,Nordeste,261210,Salgadinho
Pernambuco,PE,Nordeste,261220,Salgueiro
Pernambuco,PE,Nordeste,261230,Saloá
Pernambuco,PE,Nordeste,261240,Sanharó
Pernambuco,PE,Nordeste,261245,Santa Cruz
Pernambuco,PE,Nordeste,261247,Santa Cruz da Baixa Verde
Pernambuco,PE,Nordeste,261250,Santa Cruz do Capibaribe
Pernambuco,PE,Nordeste,261255,Santa Filomena
Pernambuco,PE,Nordeste,261260,Santa Maria da Boa Vista
Pernambuco,PE,Nordeste,261270,Santa Maria do Cambucá
Pernambuco,PE,Nordeste,261280,Santa Terezinha
Pernambuco,PE,Nordeste,261290,São Benedito do Sul
Pernambuco,PE,Nordeste,261300,São Bento do Una
Pernambuco,PE,Nordeste,261310,São Caitano
Pernambuco,PE,Nordeste,261320,São João
Pernambuco,PE,Nordeste,261330,São Joaquim do Monte
Pernambuco,PE,Nordeste,261340,São José da Coroa Grande
Pernambuco,PE,Nordeste,261350,São José do Belmonte
Pernambuco,PE,Nordeste,261360,São José do Egito
Pernambuco,PE,Nordeste,261370,São Lourenço da Mata
Pernambuco,PE,Nordeste,261380,São Vicente Férrer
Pernambuco,PE,Nordeste,261390,Serra Talhada
Pernambuco,PE,Nordeste,261400,Serrita
Pernambuco,PE,Nordeste,261410,Sertânia
Pernambuco,PE,Nordeste,261420,Sirinhaém
Pernambuco,PE,Nordeste,261440,Solidão
Pernambuco,PE,Nordeste,261450,Surubim
Pernambuco,PE,Nordeste,261460,Tabira
Pernambuco,PE,Nordeste,261470,Tacaimbó
Pernambuco,PE,Nordeste,261480,Tacaratu
Pernambuco,PE,Nordeste,261485,Tamandaré
Pernambuco,PE,Nordeste,261500,Taquaritinga do Norte
Pernambuco,PE,Nordeste,261510,Terezinha
Pernambuco,PE,Nordeste,261520,Terra Nova
Pernambuco,PE,Nordeste,261530,Timbaúba
Pernambuco,PE,Nordeste,261540,Toritama
Pernambuco,PE,Nordeste,261550,Tracunhaém
Pernambuco,PE,Nordeste,261560,Trindade
Pernambuco,PE,Nordeste,261570,Triunfo
Pernambuco,PE,Nordeste,261580,Tupanatinga
Pernambuco,PE,Nordeste,261590,Tuparetama
Pernambuco,PE,Nordeste,261600,Venturosa
Pernambuco,PE,Nordeste,261610,Verdejante
Pernambuco,PE,Nordeste,261618,Vertente do Lério
Pernambuco,PE,Nordeste,261620,Vertentes
Pernambuco,PE,Nordeste,261630,Vicência
Pernambuco,PE,Nordeste,261640,Vitória de Santo Antão
Pernambuco,PE,Nordeste,261650,Xexéu
Rondônia,RO,Norte,110001,Alta Floresta D'Oeste
Rondônia,RO,Norte,110037,Alto Alegre dos Parecis
Rondônia,RO,Norte,110040,Alto Paraíso
Rondônia,RO,Norte,110034,Alvorada D'Oeste
Rondônia,RO,Norte,110002,Ariquemes
Rondônia,RO,Norte,110045,Buritis
Rondônia,RO,Norte,110003,Cabixi
Rondônia,RO,Norte,110060,Cacaulândia
Rondônia,RO,Norte,110004,Cacoal
Rondônia,RO,Norte,110070,Campo Novo de Rondônia
Rondônia,RO,Norte,110080,Candeias do Jamari
Rondônia,RO,Norte,110090,Castanheiras
Rondônia,RO,Norte,110005,Cerejeiras
Rondônia,RO,Norte,110092,Chupinguaia
Rondônia,RO,Norte,110006,Colorado do Oeste
Rondônia,RO,Norte,110007,Corumbiara
Rondônia,RO,Norte,110008,Costa Marques
Rondônia,RO,Norte,110094,Cujubim
Rondônia,RO,Norte,110009,Espigão D'Oeste
Rondônia,RO,Norte,110100,Governador Jorge Teixeira
Rondônia,RO,Norte,110010,Guajará-Mirim
Rondônia,RO,Norte,110110,Itapuã do Oeste
Rondônia,RO,Norte,110011,Jaru
Rondônia,RO,Norte,110012,Ji-Paraná
Rondônia,RO,Norte,110013,Machadinho D'Oeste
Rondônia,RO,Norte,110120,Ministro Andreazza
Rondônia,RO,Norte,110130,Mirante da Serra
Rondônia,RO,Norte,110140,Monte Negro
Rondônia,RO,Norte,110014,Nova Brasilândia D'Oeste
Rondônia,RO,Norte,110033,Nova Mamoré
Rondônia,RO,Norte,110143,Nova União
Rondônia,RO,Norte,110050,Novo Horizonte do Oeste
Rondônia,RO,Norte,110015,Ouro Preto do Oeste
Rondônia,RO,Norte,110145,Parecis
Rondônia,RO,Norte,110018,Pimenta Bueno
Rondônia,RO,Norte,110146,Pimenteiras do Oeste
Rondônia,RO,Norte,110020,Porto Velho
Rondônia,RO,Norte,110025,Presidente Médici
Rondônia,RO,Norte,110147,Primavera de Rondônia
Rondônia,RO,Norte,110026,Rio Crespo
Rondônia,RO,Norte,110028,Rolim de Moura
Rondônia,RO,Norte,110029,Santa Luzia D'Oeste
Rondônia,RO,Norte,110148,São Felipe D'Oeste
Rondônia,RO,Norte,110149,São Francisco do Guaporé
Rondônia,RO,Norte,110032,São Miguel do Guaporé
Rondônia,RO,Norte,110150,Seringueiras
Rondônia,RO,Norte,110155,Teixeirópolis
Rondônia,RO,Norte,110160,Theobroma
Rondônia,RO,Norte,110170,Urupá
Rondônia,RO,Norte,110175,Vale do Anari
Rondônia,RO,Norte,110180,Vale do Paraíso
Rondônia,RO,Norte,110030,Vilhena
Amapá,AP,Norte,160010,Amapá
Amapá,AP,Norte,160020,Calçoene
Amapá,AP,Norte,160021,Cutias
Amapá,AP,Norte,160023,Ferreira Gomes
Amapá,AP,Norte,160025,Itaubal
Amapá,AP,Norte,160027,Laranjal do Jari
Amapá,AP,Norte,160030,Macapá
Amapá,AP,Norte,160040,Mazagão
Amapá,AP,Norte,160050,Oiapoque
Amapá,AP,Norte,160015,Pedra Branca do Amapari
Amapá,AP,Norte,160053,Porto Grande
Amapá,AP,Norte,160055,Pracuúba
Amapá,AP,Norte,160060,Santana
Amapá,AP,Norte,160005,Serra do Navio
Amapá,AP,Norte,160070,Tartarugalzinho
Amapá,AP,Norte,160080,Vitória do Jari
Tocantins,TO,Norte,170025,Abreulândia
Tocantins,TO,Norte,170030,Aguiarnópolis
Tocantins,TO,Norte,170035,Aliança do Tocantins
Tocantins,TO,Norte,170040,Almas
Tocantins,TO,Norte,170070,Alvorada
Tocantins,TO,Norte,170100,Ananás
Tocantins,TO,Norte,170105,Angico
Tocantins,TO,Norte,170110,Aparecida do Rio Negro
Tocantins,TO,Norte,170130,Aragominas
Tocantins,TO,Norte,170190,Araguacema
Tocantins,TO,Norte,170200,Araguaçu
Tocantins,TO,Norte,170210,Araguaína
Tocantins,TO,Norte,170215,Araguanã
Tocantins,TO,Norte,170220,Araguatins
Tocantins,TO,Norte,170230,Arapoema
Tocantins,TO,Norte,170240,Arraias
Tocantins,TO,Norte,170255,Augustinópolis
Tocantins,TO,Norte,170270,Aurora do Tocantins
Tocantins,TO,Norte,170290,Axixá do Tocantins
Tocantins,TO,Norte,170300,Babaçulândia
Tocantins,TO,Norte,170305,Bandeirantes do Tocantins
Tocantins,TO,Norte,170307,Barra do Ouro
Tocantins,TO,Norte,170310,Barrolândia
Tocantins,TO,Norte,170320,Bernardo Sayão
Tocantins,TO,Norte,170330,Bom Jesus do Tocantins
Tocantins,TO,Norte,170360,Brasilândia do Tocantins
Tocantins,TO,Norte,170370,Brejinho de Nazaré
Tocantins,TO,Norte,170380,Buriti do Tocantins
Tocantins,TO,Norte,170382,Cachoeirinha
Tocantins,TO,Norte,170384,Campos Lindos
Tocantins,TO,Norte,170386,Cariri do Tocantins
Tocantins,TO,Norte,170388,Carmolândia
Tocantins,TO,Norte,170389,Carrasco Bonito
Tocantins,TO,Norte,170390,Caseara
Tocantins,TO,Norte,170410,Centenário
Tocantins,TO,Norte,170510,Chapada da Natividade
Tocantins,TO,Norte,170460,Chapada de Areia
Tocantins,TO,Norte,170550,Colinas do Tocantins
Tocantins,TO,Norte,171670,Colméia
Tocantins,TO,Norte,170555,Combinado
Tocantins,TO,Norte,170560,Conceição do Tocantins
Tocantins,TO,Norte,170600,Couto Magalhães
Tocantins,TO,Norte,170610,Cristalândia
Tocantins,TO,Norte,170625,Crixás do Tocantins
Tocantins,TO,Norte,170650,Darcinópolis
Tocantins,TO,Norte,170700,Dianópolis
Tocantins,TO,Norte,170710,Divinópolis do Tocantins
Tocantins,TO,Norte,170720,Dois Irmãos do Tocantins
Tocantins,TO,Norte,170730,Dueré
Tocantins,TO,Norte,170740,Esperantina
Tocantins,TO,Norte,170755,Fátima
Tocantins,TO,Norte,170765,Figueirópolis
Tocantins,TO,Norte,170770,Filadélfia
Tocantins,TO,Norte,170820,Formoso do Araguaia
Tocantins,TO,Norte,170830,Goianorte
Tocantins,TO,Norte,170900,Goiatins
Tocantins,TO,Norte,170930,Guaraí
Tocantins,TO,Norte,170950,Gurupi
Tocantins,TO,Norte,170980,Ipueiras
Tocantins,TO,Norte,171050,Itacajá
Tocantins,TO,Norte,171070,Itaguatins
Tocantins,TO,Norte,171090,Itapiratins
Tocantins,TO,Norte,171110,Itaporã do Tocantins
Tocantins,TO,Norte,171150,Jaú do Tocantins
Tocantins,TO,Norte,171180,Juarina
Tocantins,TO,Norte,171190,Lagoa da Confusão
Tocantins,TO,Norte,171195,Lagoa do Tocantins
Tocantins,TO,Norte,171200,Lajeado
Tocantins,TO,Norte,171215,Lavandeira
Tocantins,TO,Norte,171240,Lizarda
Tocantins,TO,Norte,171245,Luzinópolis
Tocantins,TO,Norte,171250,Marianópolis do Tocantins
Tocantins,TO,Norte,171270,Mateiros
Tocantins,TO,Norte,171280,Maurilândia do Tocantins
Tocantins,TO,Norte,171320,Miracema do Tocantins
Tocantins,TO,Norte,171330,Miranorte
Tocantins,TO,Norte,171360,Monte do Carmo
Tocantins,TO,Norte,171370,Monte Santo do Tocantins
Tocantins,TO,Norte,171395,Muricilândia
Tocantins,TO,Norte,171420,Natividade
Tocantins,TO,Norte,171430,Nazaré
Tocantins,TO,Norte,171488,Nova Olinda
Tocantins,TO,Norte,171500,Nova Rosalândia
Tocantins,TO,Norte,171510,Novo Acordo
Tocantins,TO,Norte,171515,Novo Alegre
Tocantins,TO,Norte,171525,Novo Jardim
Tocantins,TO,Norte,171550,Oliveira de Fátima
Tocantins,TO,Norte,172100,Palmas
Tocantins,TO,Norte,171570,Palmeirante
Tocantins,TO,Norte,171380,Palmeiras do Tocantins
Tocantins,TO,Norte,171575,Palmeirópolis
Tocantins,TO,Norte,171610,Paraíso do Tocantins
Tocantins,TO,Norte,171620,Paranã
Tocantins,TO,Norte,171630,Pau D'Arco
Tocantins,TO,Norte,171650,Pedro Afonso
Tocantins,TO,Norte,171660,Peixe
Tocantins,TO,Norte,171665,Pequizeiro
Tocantins,TO,Norte,171700,Pindorama do Tocantins
Tocantins,TO,Norte,171720,Piraquê
Tocantins,TO,Norte,171750,Pium
Tocantins,TO,Norte,171780,Ponte Alta do Bom Jesus
Tocantins,TO,Norte,171790,Ponte Alta do Tocantins
Tocantins,TO,Norte,171800,Porto Alegre do Tocantins
Tocantins,TO,Norte,171820,Porto Nacional
Tocantins,TO,Norte,171830,Praia Norte
Tocantins,TO,Norte,171840,Presidente Kennedy
Tocantins,TO,Norte,171845,Pugmil
Tocantins,TO,Norte,171850,Recursolândia
Tocantins,TO,Norte,171855,Riachinho
Tocantins,TO,Norte,171865,Rio da Conceição
Tocantins,TO,Norte,171870,Rio dos Bois
Tocantins,TO,Norte,171875,Rio Sono
Tocantins,TO,Norte,171880,Sampaio
Tocantins,TO,Norte,171884,Sandolândia
Tocantins,TO,Norte,171886,Santa Fé do Araguaia
Tocantins,TO,Norte,171888,Santa Maria do Tocantins
Tocantins,TO,Norte,171889,Santa Rita do Tocantins
Tocantins,TO,Norte,171890,Santa Rosa do Tocantins
Tocantins,TO,Norte,171900,Santa Tereza do Tocantins
Tocantins,TO,Norte,172000,Santa Terezinha do Tocantins
Tocantins,TO,Norte,172010,São Bento do Tocantins
Tocantins,TO,Norte,172015,São Félix do Tocantins
Tocantins,TO,Norte,172020,São Miguel do Tocantins
Tocantins,TO,Norte,172025,São Salvador do Tocantins
Tocantins,TO,Norte,172030,São Sebastião do Tocantins
Tocantins,TO,Norte,172049,São Valério
Tocantins,TO,Norte,172065,Silvanópolis
Tocantins,TO,Norte,172080,Sítio Novo do Tocantins
Tocantins,TO,Norte,172085,Sucupira
Tocantins,TO,Norte,170825,Tabocão
Tocantins,TO,Norte,172090,Taguatinga
Tocantins,TO,Norte,172093,Taipas do Tocantins
Tocantins,TO,Norte,172097,Talismã
Tocantins,TO,Norte,172110,Tocantínia
Tocantins,TO,Norte,172120,Tocantinópolis
Tocantins,TO,Norte,172125,Tupirama
Tocantins,TO,Norte,172130,Tupiratins
Tocantins,TO,Norte,172208,Wanderlândia
Tocantins,TO,Norte,172210,Xambioá
Bahia,BA,Nordeste,290010,Abaíra
Bahia,BA,Nordeste,290020,Abaré
Bahia,BA,Nordeste,290030,Acajutiba
Bahia,BA,Nordeste,290035,Adustina
Bahia,BA,Nordeste,290040,Água Fria
Bahia,BA,Nordeste,290060,Aiquara
Bahia,BA,Nordeste,290070,Alagoinhas
Bahia,BA,Nordeste,290080,Alcobaça
Bahia,BA,Nordeste,290090,Almadina
Bahia,BA,Nordeste,290100,Amargosa
Bahia,BA,Nordeste,290110,Amélia Rodrigues
Bahia,BA,Nordeste,290115,América Dourada
Bahia,BA,Nordeste,290120,Anagé
Bahia,BA,Nordeste,290130,Andaraí
Bahia,BA,Nordeste,290135,Andorinha
Bahia,BA,Nordeste,290140,Angical
Bahia,BA,Nordeste,290150,Anguera
Bahia,BA,Nordeste,290160,Antas
Bahia,BA,Nordeste,290170,Antônio Cardoso
Bahia,BA,Nordeste,290180,Antônio Gonçalves
Bahia,BA,Nordeste,290190,Aporá
Bahia,BA,Nordeste,290195,Apuarema
Bahia,BA,Nordeste,290205,Araçás
Bahia,BA,Nordeste,290200,Aracatu
Bahia,BA,Nordeste,290210,Araci
Bahia,BA,Nordeste,290220,Aramari
Bahia,BA,Nordeste,290225,Arataca
Bahia,BA,Nordeste,290230,Aratuípe
Bahia,BA,Nordeste,290240,Aurelino Leal
Bahia,BA,Nordeste,290250,Baianópolis
Bahia,BA,Nordeste,290260,Baixa Grande
Bahia,BA,Nordeste,290265,Banzaê
Bahia,BA,Nordeste,290270,Barra
Bahia,BA,Nordeste,290280,Barra da Estiva
Bahia,BA,Nordeste,290290,Barra do Choça
Bahia,BA,Nordeste,290300,Barra do Mendes
Bahia,BA,Nordeste,290310,Barra do Rocha
Bahia,BA,Nordeste,290320,Barreiras
Bahia,BA,Nordeste,290323,Barro Alto
Bahia,BA,Nordeste,290330,Barro Preto
Bahia,BA,Nordeste,290327,Barrocas
Bahia,BA,Nordeste,290340,Belmonte
Bahia,BA,Nordeste,290350,Belo Campo
Bahia,BA,Nordeste,290360,Biritinga
Bahia,BA,Nordeste,290370,Boa Nova
Bahia,BA,Nordeste,290380,Boa Vista do Tupim
Bahia,BA,Nordeste,290390,Bom Jesus da Lapa
Bahia,BA,Nordeste,290395,Bom Jesus da Serra
Bahia,BA,Nordeste,290400,Boninal
Bahia,BA,Nordeste,290405,Bonito
Bahia,BA,Nordeste,290410,Boquira
Bahia,BA,Nordeste,290420,Botuporã
Bahia,BA,Nordeste,290430,Brejões
Bahia,BA,Nordeste,290440,Brejolândia
Bahia,BA,Nordeste,290450,Brotas de Macaúbas
Bahia,BA,Nordeste,290460,Brumado
Bahia,BA,Nordeste,290470,Buerarema
Bahia,BA,Nordeste,290475,Buritirama
Bahia,BA,Nordeste,290480,Caatiba
Bahia,BA,Nordeste,290485,Cabaceiras do Paraguaçu
Bahia,BA,Nordeste,290490,Cachoeira
Bahia,BA,Nordeste,290500,Caculé
Bahia,BA,Nordeste,290510,Caém
Bahia,BA,Nordeste,290515,Caetanos
Bahia,BA,Nordeste,290520,Caetité
Bahia,BA,Nordeste,290530,Cafarnaum
Bahia,BA,Nordeste,290540,Cairu
Bahia,BA,Nordeste,290550,Caldeirão Grande
Bahia,BA,Nordeste,290560,Camacan
Bahia,BA,Nordeste,290570,Camaçari
Bahia,BA,Nordeste,290580,Camamu
Bahia,BA,Nordeste,290590,Campo Alegre de Lourdes
Bahia,BA,Nordeste,290600,Campo Formoso
Bahia,BA,Nordeste,290610,Canápolis
Bahia,BA,Nordeste,290620,Canarana
Bahia,BA,Nordeste,290630,Canavieiras
Bahia,BA,Nordeste,290640,Candeal
Bahia,BA,Nordeste,290650,Candeias
Bahia,BA,Nordeste,290660,Candiba
Bahia,BA,Nordeste,290670,Cândido Sales
Bahia,BA,Nordeste,290680,Cansanção
Bahia,BA,Nordeste,290682,Canudos
Bahia,BA,Nordeste,290685,Capela do Alto Alegre
Bahia,BA,Nordeste,290687,Capim Grosso
Bahia,BA,Nordeste,290689,Caraíbas
Bahia,BA,Nordeste,290690,Caravelas
Bahia,BA,Nordeste,290700,Cardeal da Silva
Bahia,BA,Nordeste,290710,Carinhanha
Bahia,BA,Nordeste,290720,Casa Nova
Bahia,BA,Nordeste,290730,Castro Alves
Bahia,BA,Nordeste,290740,Catolândia
Bahia,BA,Nordeste,290750,Catu
Bahia,BA,Nordeste,290755,Caturama
Bahia,BA,Nordeste,290760,Central
Bahia,BA,Nordeste,290770,Chorrochó
Bahia,BA,Nordeste,290780,Cícero Dantas
Bahia,BA,Nordeste,290790,Cipó
Bahia,BA,Nordeste,290800,Coaraci
Bahia,BA,Nordeste,290810,Cocos
Bahia,BA,Nordeste,290820,Conceição da Feira
Bahia,BA,Nordeste,290830,Conceição do Almeida
Bahia,BA,Nordeste,290840,Conceição do Coité
Bahia,BA,Nordeste,290850,Conceição do Jacuípe
Bahia,BA,Nordeste,290860,Conde
Bahia,BA,Nordeste,290870,Condeúba
Bahia,BA,Nordeste,290880,Contendas do Sincorá
Bahia,BA,Nordeste,290890,Coração de Maria
Bahia,BA,Nordeste,290900,Cordeiros
Bahia,BA,Nordeste,290910,Coribe
Bahia,BA,Nordeste,290920,Coronel João Sá
Bahia,BA,Nordeste,290930,Correntina
Bahia,BA,Nordeste,290940,Cotegipe
Bahia,BA,Nordeste,290950,Cravolândia
Bahia,BA,Nordeste,290960,Crisópolis
Bahia,BA,Nordeste,290970,Cristópolis
Bahia,BA,Nordeste,290980,Cruz das Almas
Bahia,BA,Nordeste,290990,Curaçá
Bahia,BA,Nordeste,291000,Dário Meira
Bahia,BA,Nordeste,291005,Dias d'Ávila
Bahia,BA,Nordeste,291010,Dom Basílio
Bahia,BA,Nordeste,291020,Dom Macedo Costa
Bahia,BA,Nordeste,291030,Elísio Medrado
Bahia,BA,Nordeste,291040,Encruzilhada
Bahia,BA,Nordeste,291050,Entre Rios
Bahia,BA,Nordeste,290050,Érico Cardoso
Bahia,BA,Nordeste,291060,Esplanada
Bahia,BA,Nordeste,291070,Euclides da Cunha
Bahia,BA,Nordeste,291072,Eunápolis
Bahia,BA,Nordeste,291075,Fátima
Bahia,BA,Nordeste,291077,Feira da Mata
Bahia,BA,Nordeste,291080,Feira de Santana
Bahia,BA,Nordeste,291085,Filadélfia
Bahia,BA,Nordeste,291090,Firmino Alves
Bahia,BA,Nordeste,291100,Floresta Azul
Bahia,BA,Nordeste,291110,Formosa do Rio Preto
Bahia,BA,Nordeste,291120,Gandu
Bahia,BA,Nordeste,291125,Gavião
Bahia,BA,Nordeste,291130,Gentio do Ouro
Bahia,BA,Nordeste,291140,Glória
Bahia,BA,Nordeste,291150,Gongogi
Bahia,BA,Nordeste,291160,Governador Mangabeira
Bahia,BA,Nordeste,291165,Guajeru
Bahia,BA,Nordeste,291170,Guanambi
Bahia,BA,Nordeste,291180,Guaratinga
Bahia,BA,Nordeste,291185,Heliópolis
Bahia,BA,Nordeste,291190,Iaçu
Bahia,BA,Nordeste,291200,Ibiassucê
Bahia,BA,Nordeste,291210,Ibicaraí
Bahia,BA,Nordeste,291220,Ibicoara
Bahia,BA,Nordeste,291230,Ibicuí
Bahia,BA,Nordeste,291240,Ibipeba
Bahia,BA,Nordeste,291250,Ibipitanga
Bahia,BA,Nordeste,291260,Ibiquera
Bahia,BA,Nordeste,291270,Ibirapitanga
Bahia,BA,Nordeste,291280,Ibirapuã
Bahia,BA,Nordeste,291290,Ibirataia
Bahia,BA,Nordeste,291300,Ibitiara
Bahia,BA,Nordeste,291310,Ibititá
Bahia,BA,Nordeste,291320,Ibotirama
Bahia,BA,Nordeste,291330,Ichu
Bahia,BA,Nordeste,291340,Igaporã
Bahia,BA,Nordeste,291345,Igrapiúna
Bahia,BA,Nordeste,291350,Iguaí
Bahia,BA,Nordeste,291360,Ilhéus
Bahia,BA,Nordeste,291370,Inhambupe
Bahia,BA,Nordeste,291380,Ipecaetá
Bahia,BA,Nordeste,291390,Ipiaú
Bahia,BA,Nordeste,291400,Ipirá
Bahia,BA,Nordeste,291410,Ipupiara
Bahia,BA,Nordeste,291420,Irajuba
Bahia,BA,Nordeste,291430,Iramaia
Bahia,BA,Nordeste,291440,Iraquara
Bahia,BA,Nordeste,291450,Irará
Bahia,BA,Nordeste,291460,Irecê
Bahia,BA,Nordeste,291465,Itabela
Bahia,BA,Nordeste,291470,Itaberaba
Bahia,BA,Nordeste,291480,Itabuna
Bahia,BA,Nordeste,291490,Itacaré
Bahia,BA,Nordeste,291500,Itaeté
Bahia,BA,Nordeste,291510,Itagi
Bahia,BA,Nordeste,291520,Itagibá
Bahia,BA,Nordeste,291530,Itagimirim
Bahia,BA,Nordeste,291535,Itaguaçu da Bahia
Bahia,BA,Nordeste,291540,Itaju do Colônia
Bahia,BA,Nordeste,291550,Itajuípe
Bahia,BA,Nordeste,291560,Itamaraju
Bahia,BA,Nordeste,291570,Itamari
Bahia,BA,Nordeste,291580,Itambé
Bahia,BA,Nordeste,291590,Itanagra
Bahia,BA,Nordeste,291600,Itanhém
Bahia,BA,Nordeste,291610,Itaparica
Bahia,BA,Nordeste,291620,Itapé
Bahia,BA,Nordeste,291630,Itapebi
Bahia,BA,Nordeste,291640,Itapetinga
Bahia,BA,Nordeste,291650,Itapicuru
Bahia,BA,Nordeste,291660,Itapitanga
Bahia,BA,Nordeste,291670,Itaquara
Bahia,BA,Nordeste,291680,Itarantim
Bahia,BA,Nordeste,291685,Itatim
Bahia,BA,Nordeste,291690,Itiruçu
Bahia,BA,Nordeste,291700,Itiúba
Bahia,BA,Nordeste,291710,Itororó
Bahia,BA,Nordeste,291720,Ituaçu
Bahia,BA,Nordeste,291730,Ituberá
Bahia,BA,Nordeste,291733,Iuiu
Bahia,BA,Nordeste,291735,Jaborandi
Bahia,BA,Nordeste,291740,Jacaraci
Bahia,BA,Nordeste,291750,Jacobina
Bahia,BA,Nordeste,291760,Jaguaquara
Bahia,BA,Nordeste,291770,Jaguarari
Bahia,BA,Nordeste,291780,Jaguaripe
Bahia,BA,Nordeste,291790,Jandaíra
Bahia,BA,Nordeste,291800,Jequié
Bahia,BA,Nordeste,291810,Jeremoabo
Bahia,BA,Nordeste,291820,Jiquiriçá
Bahia,BA,Nordeste,291830,Jitaúna
Bahia,BA,Nordeste,291835,João Dourado
Bahia,BA,Nordeste,291840,Juazeiro
Bahia,BA,Nordeste,291845,Jucuruçu
Bahia,BA,Nordeste,291850,Jussara
Bahia,BA,Nordeste,291855,Jussari
Bahia,BA,Nordeste,291860,Jussiape
Bahia,BA,Nordeste,291870,Lafaiete Coutinho
Bahia,BA,Nordeste,291875,Lagoa Real
Bahia,BA,Nordeste,291880,Laje
Bahia,BA,Nordeste,291890,Lajedão
Bahia,BA,Nordeste,291900,Lajedinho
Bahia,BA,Nordeste,291905,Lajedo do Tabocal
Bahia,BA,Nordeste,291910,Lamarão
Bahia,BA,Nordeste,291915,Lapão
Bahia,BA,Nordeste,291920,Lauro de Freitas
Bahia,BA,Nordeste,291930,Lençóis
Bahia,BA,Nordeste,291940,Licínio de Almeida
Bahia,BA,Nordeste,291950,Livramento de Nossa Senhora
Bahia,BA,Nordeste,291955,Luís Eduardo Magalhães
Bahia,BA,Nordeste,291960,Macajuba
Bahia,BA,Nordeste,291970,Macarani
Bahia,BA,Nordeste,291980,Macaúbas
Bahia,BA,Nordeste,291990,Macururé
Bahia,BA,Nordeste,291992,Madre de Deus
Bahia,BA,Nordeste,291995,Maetinga
Bahia,BA,Nordeste,292000,Maiquinique
Bahia,BA,Nordeste,292010,Mairi
Bahia,BA,Nordeste,292020,Malhada
Bahia,BA,Nordeste,292030,Malhada de Pedras
Bahia,BA,Nordeste,292040,Manoel Vitorino
Bahia,BA,Nordeste,292045,Mansidão
Bahia,BA,Nordeste,292050,Maracás
Bahia,BA,Nordeste,292060,Maragogipe
Bahia,BA,Nordeste,292070,Maraú
Bahia,BA,Nordeste,292080,Marcionílio Souza
Bahia,BA,Nordeste,292090,Mascote
Bahia,BA,Nordeste,292100,Mata de São João
Bahia,BA,Nordeste,292105,Matina
Bahia,BA,Nordeste,292110,Medeiros Neto
Bahia,BA,Nordeste,292120,Miguel Calmon
Bahia,BA,Nordeste,292130,Milagres
Bahia,BA,Nordeste,292140,Mirangaba
Bahia,BA,Nordeste,292145,Mirante
Bahia,BA,Nordeste,292150,Monte Santo
Bahia,BA,Nordeste,292160,Morpará
Bahia,BA,Nordeste,292170,Morro do Chapéu
Bahia,BA,Nordeste,292180,Mortugaba
Bahia,BA,Nordeste,292190,Mucugê
Bahia,BA,Nordeste,292200,Mucuri
Bahia,BA,Nordeste,292205,Mulungu do Morro
Bahia,BA,Nordeste,292210,Mundo Novo
Bahia,BA,Nordeste,292220,Muniz Ferreira
Bahia,BA,Nordeste,292225,Muquém do São Francisco
Bahia,BA,Nordeste,292230,Muritiba
Bahia,BA,Nordeste,292240,Mutuípe
Bahia,BA,Nordeste,292250,Nazaré
Bahia,BA,Nordeste,292260,Nilo Peçanha
Bahia,BA,Nordeste,292265,Nordestina
Bahia,BA,Nordeste,292270,Nova Canaã
Bahia,BA,Nordeste,292273,Nova Fátima
Bahia,BA,Nordeste,292275,Nova Ibiá
Bahia,BA,Nordeste,292280,Nova Itarana
Bahia,BA,Nordeste,292285,Nova Redenção
Bahia,BA,Nordeste,292290,Nova Soure
Bahia,BA,Nordeste,292300,Nova Viçosa
Bahia,BA,Nordeste,292303,Novo Horizonte
Bahia,BA,Nordeste,292305,Novo Triunfo
Bahia,BA,Nordeste,292310,Olindina
Bahia,BA,Nordeste,292320,Oliveira dos Brejinhos
Bahia,BA,Nordeste,292330,Ouriçangas
Bahia,BA,Nordeste,292335,Ourolândia
Bahia,BA,Nordeste,292340,Palmas de Monte Alto
Bahia,BA,Nordeste,292350,Palmeiras
Bahia,BA,Nordeste,292360,Paramirim
Bahia,BA,Nordeste,292370,Paratinga
Bahia,BA,Nordeste,292380,Paripiranga
Bahia,BA,Nordeste,292390,Pau Brasil
Bahia,BA,Nordeste,292400,Paulo Afonso
Bahia,BA,Nordeste,292405,Pé de Serra
Bahia,BA,Nordeste,292410,Pedrão
Bahia,BA,Nordeste,292420,Pedro Alexandre
Bahia,BA,Nordeste,292430,Piatã
Bahia,BA,Nordeste,292440,Pilão Arcado
Bahia,BA,Nordeste,292450,Pindaí
Bahia,BA,Nordeste,292460,Pindobaçu
Bahia,BA,Nordeste,292465,Pintadas
Bahia,BA,Nordeste,292467,Piraí do Norte
Bahia,BA,Nordeste,292470,Piripá
Bahia,BA,Nordeste,292480,Piritiba
Bahia,BA,Nordeste,292490,Planaltino
Bahia,BA,Nordeste,292500,Planalto
Bahia,BA,Nordeste,292510,Poções
Bahia,BA,Nordeste,292520,Pojuca
Bahia,BA,Nordeste,292525,Ponto Novo
Bahia,BA,Nordeste,292530,Porto Seguro
Bahia,BA,Nordeste,292540,Potiraguá
Bahia,BA,Nordeste,292550,Prado
Bahia,BA,Nordeste,292560,Presidente Dutra
Bahia,BA,Nordeste,292570,Presidente Jânio Quadros
Bahia,BA,Nordeste,292575,Presidente Tancredo Neves
Bahia,BA,Nordeste,292580,Queimadas
Bahia,BA,Nordeste,292590,Quijingue
Bahia,BA,Nordeste,292593,Quixabeira
Bahia,BA,Nordeste,292595,Rafael Jambeiro
Bahia,BA,Nordeste,292600,Remanso
Bahia,BA,Nordeste,292610,Retirolândia
Bahia,BA,Nordeste,292620,Riachão das Neves
Bahia,BA,Nordeste,292630,Riachão do Jacuípe
Bahia,BA,Nordeste,292640,Riacho de Santana
Bahia,BA,Nordeste,292650,Ribeira do Amparo
Bahia,BA,Nordeste,292660,Ribeira do Pombal
Bahia,BA,Nordeste,292665,Ribeirão do Largo
Bahia,BA,Nordeste,292670,Rio de Contas
Bahia,BA,Nordeste,292680,Rio do Antônio
Bahia,BA,Nordeste,292690,Rio do Pires
Bahia,BA,Nordeste,292700,Rio Real
Bahia,BA,Nordeste,292710,Rodelas
Bahia,BA,Nordeste,292720,Ruy Barbosa
Bahia,BA,Nordeste,292730,Salinas da Margarida
Bahia,BA,Nordeste,292740,Salvador
Bahia,BA,Nordeste,292750,Santa Bárbara
Bahia,BA,Nordeste,292760,Santa Brígida
Bahia,BA,Nordeste,292770,Santa Cruz Cabrália
Bahia,BA,Nordeste,292780,Santa Cruz da Vitória
Bahia,BA,Nordeste,292790,Santa Inês
Bahia,BA,Nordeste,292805,Santa Luzia
Bahia,BA,Nordeste,292810,Santa Maria da Vitória
Bahia,BA,Nordeste,292840,Santa Rita de Cássia
Bahia,BA,Nordeste,292850,Santa Terezinha
Bahia,BA,Nordeste,292800,Santaluz
Bahia,BA,Nordeste,292820,Santana
Bahia,BA,Nordeste,292830,Santanópolis
Bahia,BA,Nordeste,292860,Santo Amaro
Bahia,BA,Nordeste,292870,Santo Antônio de Jesus
Bahia,BA,Nordeste,292880,Santo Estêvão
Bahia,BA,Nordeste,292890,São Desidério
Bahia,BA,Nordeste,292895,São Domingos
Bahia,BA,Nordeste,292910,São Felipe
Bahia,BA,Nordeste,292900,São Félix
Bahia,BA,Nordeste,292905,São Félix do Coribe
Bahia,BA,Nordeste,292920,São Francisco do Conde
Bahia,BA,Nordeste,292925,São Gabriel
Bahia,BA,Nordeste,292930,São Gonçalo dos Campos
Bahia,BA,Nordeste,292935,São José da Vitória
Bahia,BA,Nordeste,292937,São José do Jacuípe
Bahia,BA,Nordeste,292940,São Miguel das Matas
Bahia,BA,Nordeste,292950,São Sebastião do Passé
Bahia,BA,Nordeste,292960,Sapeaçu
Bahia,BA,Nordeste,292970,Sátiro Dias
Bahia,BA,Nordeste,292975,Saubara
Bahia,BA,Nordeste,292980,Saúde
Bahia,BA,Nordeste,292990,Seabra
Bahia,BA,Nordeste,293000,Sebastião Laranjeiras
Bahia,BA,Nordeste,293010,Senhor do Bonfim
Bahia,BA,Nordeste,293020,Sento Sé
Bahia,BA,Nordeste,293015,Serra do Ramalho
Bahia,BA,Nordeste,293030,Serra Dourada
Bahia,BA,Nordeste,293040,Serra Preta
Bahia,BA,Nordeste,293050,Serrinha
Bahia,BA,Nordeste,293060,Serrolândia
Bahia,BA,Nordeste,293070,Simões Filho
Bahia,BA,Nordeste,293075,Sítio do Mato
Bahia,BA,Nordeste,293076,Sítio do Quinto
Bahia,BA,Nordeste,293077,Sobradinho
Bahia,BA,Nordeste,293080,Souto Soares
Bahia,BA,Nordeste,293090,Tabocas do Brejo Velho
Bahia,BA,Nordeste,293100,Tanhaçu
Bahia,BA,Nordeste,293105,Tanque Novo
Bahia,BA,Nordeste,293110,Tanquinho
Bahia,BA,Nordeste,293120,Taperoá
Bahia,BA,Nordeste,293130,Tapiramutá
Bahia,BA,Nordeste,293135,Teixeira de Freitas
Bahia,BA,Nordeste,293140,Teodoro Sampaio
Bahia,BA,Nordeste,293150,Teofilândia
Bahia,BA,Nordeste,293160,Teolândia
Bahia,BA,Nordeste,293170,Terra Nova
Bahia,BA,Nordeste,293180,Tremedal
Bahia,BA,Nordeste,293190,Tucano
Bahia,BA,Nordeste,293200,Uauá
Bahia,BA,Nordeste,293210,Ubaíra
Bahia,BA,Nordeste,293220,Ubaitaba
Bahia,BA,Nordeste,293230,Ubatã
Bahia,BA,Nordeste,293240,Uibaí
Bahia,BA,Nordeste,293245,Umburanas
Bahia,BA,Nordeste,293250,Una
Bahia,BA,Nordeste,293260,Urandi
Bahia,BA,Nordeste,293270,Uruçuca
Bahia,BA,Nordeste,293280,Utinga
Bahia,BA,Nordeste,293290,Valença
Bahia,BA,Nordeste,293300,Valente
Bahia,BA,Nordeste,293305,Várzea da Roça
Bahia,BA,Nordeste,293310,Várzea do Poço
Bahia,BA,Nordeste,293315,Várzea Nova
Bahia,BA,Nordeste,293317,Varzedo
Bahia,BA,Nordeste,293320,Vera Cruz
Bahia,BA,Nordeste,293325,Vereda
Bahia,BA,Nordeste,293330,Vitória da Conquista
Bahia,BA,Nordeste,293340,Wagner
Bahia,BA,Nordeste,293345,Wanderley
Bahia,BA,Nordeste,293350,Wenceslau Guimarães
Bahia,BA,Nordeste,293360,Xique-Xique
Roraima,RR,Norte,140005,Alto Alegre
Roraima,RR,Norte,140002,Amajari
Roraima,RR,Norte,140010,Boa Vista
Roraima,RR,Norte,140015,Bonfim
Roraima,RR,Norte,140017,Cantá
Roraima,RR,Norte,140020,Caracaraí
Roraima,RR,Norte,140023,Caroebe
Roraima,RR,Norte,140028,Iracema
Roraima,RR,Norte,140030,Mucajaí
Roraima,RR,Norte,140040,Normandia
Roraima,RR,Norte,140045,Pacaraima
Roraima,RR,Norte,140047,Rorainópolis
Roraima,RR,Norte,140050,São João da Baliza
Roraima,RR,Norte,140060,São Luiz do Anauá
Roraima,RR,Norte,140070,Uiramutã
Pará,PA,Norte,150010,Abaetetuba
Pará,PA,Norte,150013,Abel Figueiredo
Pará,PA,Norte,150020,Acará
Pará,PA,Norte,150030,Afuá
Pará,PA,Norte,150034,Água Azul do Norte
Pará,PA,Norte,150040,Alenquer
Pará,PA,Norte,150050,Almeirim
Pará,PA,Norte,150060,Altamira
Pará,PA,Norte,150070,Anajás
Pará,PA,Norte,150080,Ananindeua
Pará,PA,Norte,150085,Anapu
Pará,PA,Norte,150090,Augusto Corrêa
Pará,PA,Norte,150095,Aurora do Pará
Pará,PA,Norte,150100,Aveiro
Pará,PA,Norte,150110,Bagre
Pará,PA,Norte,150120,Baião
Pará,PA,Norte,150125,Bannach
Pará,PA,Norte,150130,Barcarena
Pará,PA,Norte,150140,Belém
Pará,PA,Norte,150145,Belterra
Pará,PA,Norte,150150,Benevides
Pará,PA,Norte,150157,Bom Jesus do Tocantins
Pará,PA,Norte,150160,Bonito
Pará,PA,Norte,150170,Bragança
Pará,PA,Norte,150172,Brasil Novo
Pará,PA,Norte,150175,Brejo Grande do Araguaia
Pará,PA,Norte,150178,Breu Branco
Pará,PA,Norte,150180,Breves
Pará,PA,Norte,150190,Bujaru
Pará,PA,Norte,150200,Cachoeira do Arari
Pará,PA,Norte,150195,Cachoeira do Piriá
Pará,PA,Norte,150210,Cametá
Pará,PA,Norte,150215,Canaã dos Carajás
Pará,PA,Norte,150220,Capanema
Pará,PA,Norte,150230,Capitão Poço
Pará,PA,Norte,150240,Castanhal
Pará,PA,Norte,150250,Chaves
Pará,PA,Norte,150260,Colares
Pará,PA,Norte,150270,Conceição do Araguaia
Pará,PA,Norte,150275,Concórdia do Pará
Pará,PA,Norte,150276,Cumaru do Norte
Pará,PA,Norte,150277,Curionópolis
Pará,PA,Norte,150280,Curralinho
Pará,PA,Norte,150285,Curuá
Pará,PA,Norte,150290,Curuçá
Pará,PA,Norte,150293,Dom Eliseu
Pará,PA,Norte,150295,Eldorado do Carajás
Pará,PA,Norte,150300,Faro
Pará,PA,Norte,150304,Floresta do Araguaia
Pará,PA,Norte,150307,Garrafão do Norte
Pará,PA,Norte,150309,Goianésia do Pará
Pará,PA,Norte,150310,Gurupá
Pará,PA,Norte,150320,Igarapé-Açu
Pará,PA,Norte,150330,Igarapé-Miri
Pará,PA,Norte,150340,Inhangapi
Pará,PA,Norte,150345,Ipixuna do Pará
Pará,PA,Norte,150350,Irituia
Pará,PA,Norte,150360,Itaituba
Pará,PA,Norte,150370,Itupiranga
Pará,PA,Norte,150375,Jacareacanga
Pará,PA,Norte,150380,Jacundá
Pará,PA,Norte,150390,Juruti
Pará,PA,Norte,150400,Limoeiro do Ajuru
Pará,PA,Norte,150405,Mãe do Rio
Pará,PA,Norte,150410,Magalhães Barata
Pará,PA,Norte,150420,Marabá
Pará,PA,Norte,150430,Maracanã
Pará,PA,Norte,150440,Marapanim
Pará,PA,Norte,150442,Marituba
Pará,PA,Norte,150445,Medicilândia
Pará,PA,Norte,150450,Melgaço
Pará,PA,Norte,150460,Mocajuba
Pará,PA,Norte,150470,Moju
Pará,PA,Norte,150475,Mojuí dos Campos
Pará,PA,Norte,150480,Monte Alegre
Pará,PA,Norte,150490,Muaná
Pará,PA,Norte,150495,Nova Esperança do Piriá
Pará,PA,Norte,150497,Nova Ipixuna
Pará,PA,Norte,150500,Nova Timboteua
Pará,PA,Norte,150503,Novo Progresso
Pará,PA,Norte,150506,Novo Repartimento
Pará,PA,Norte,150510,Óbidos
Pará,PA,Norte,150520,Oeiras do Pará
Pará,PA,Norte,150530,Oriximiná
Pará,PA,Norte,150540,Ourém
Pará,PA,Norte,150543,Ourilândia do Norte
Pará,PA,Norte,150548,Pacajá
Pará,PA,Norte,150549,Palestina do Pará
Pará,PA,Norte,150550,Paragominas
Pará,PA,Norte,150553,Parauapebas
Pará,PA,Norte,150555,Pau D'Arco
Pará,PA,Norte,150560,Peixe-Boi
Pará,PA,Norte,150563,Piçarra
Pará,PA,Norte,150565,Placas
Pará,PA,Norte,150570,Ponta de Pedras
Pará,PA,Norte,150580,Portel
Pará,PA,Norte,150590,Porto de Moz
Pará,PA,Norte,150600,Prainha
Pará,PA,Norte,150610,Primavera
Pará,PA,Norte,150611,Quatipuru
Pará,PA,Norte,150613,Redenção
Pará,PA,Norte,150616,Rio Maria
Pará,PA,Norte,150618,Rondon do Pará
Pará,PA,Norte,150619,Rurópolis
Pará,PA,Norte,150620,Salinópolis
Pará,PA,Norte,150630,Salvaterra
Pará,PA,Norte,150635,Santa Bárbara do Pará
Pará,PA,Norte,150640,Santa Cruz do Arari
Pará,PA,Norte,150650,Santa Izabel do Pará
Pará,PA,Norte,150655,Santa Luzia do Pará
Pará,PA,Norte,150658,Santa Maria das Barreiras
Pará,PA,Norte,150660,Santa Maria do Pará
Pará,PA,Norte,150670,Santana do Araguaia
Pará,PA,Norte,150680,Santarém
Pará,PA,Norte,150690,Santarém Novo
Pará,PA,Norte,150700,Santo Antônio do Tauá
Pará,PA,Norte,150710,São Caetano de Odivelas
Pará,PA,Norte,150715,São Domingos do Araguaia
Pará,PA,Norte,150720,São Domingos do Capim
Pará,PA,Norte,150730,São Félix do Xingu
Pará,PA,Norte,150740,São Francisco do Pará
Pará,PA,Norte,150745,São Geraldo do Araguaia
Pará,PA,Norte,150746,São João da Ponta
Pará,PA,Norte,150747,São João de Pirabas
Pará,PA,Norte,150750,São João do Araguaia
Pará,PA,Norte,150760,São Miguel do Guamá
Pará,PA,Norte,150770,São Sebastião da Boa Vista
Pará,PA,Norte,150775,Sapucaia
Pará,PA,Norte,150780,Senador José Porfírio
Pará,PA,Norte,150790,Soure
Pará,PA,Norte,150795,Tailândia
Pará,PA,Norte,150796,Terra Alta
Pará,PA,Norte,150797,Terra Santa
Pará,PA,Norte,150800,Tomé-Açu
Pará,PA,Norte,150803,Tracuateua
Pará,PA,Norte,150805,Trairão
Pará,PA,Norte,150808,Tucumã
Pará,PA,Norte,150810,Tucuruí
Pará,PA,Norte,150812,Ulianópolis
Pará,PA,Norte,150815,Uruará
Pará,PA,Norte,150820,Vigia
Pará,PA,Norte,150830,Viseu
Pará,PA,Norte,150835,Vitória do Xingu
Pará,PA,Norte,150840,Xinguara
